ISO-10303-21;
HEADER;
FILE_DESCRIPTION((''),'2;1');
FILE_NAME('A016495_ASM','2025-05-14T11:23:49',('garciama44'),(''),
'CREO PARAMETRIC BY PTC INC, 2023014','CREO PARAMETRIC BY PTC INC, 2023014','');
FILE_SCHEMA(('CONFIG_CONTROL_DESIGN','SHAPE_APPEARANCE_LAYERS_GROUPS'));
ENDSEC;
DATA;
#45=CARTESIAN_POINT('',(0.E0,0.E0,0.E0));
#46=DIRECTION('',(0.E0,0.E0,1.E0));
#47=DIRECTION('',(1.E0,0.E0,0.E0));
#48=AXIS2_PLACEMENT_3D('A_CS',#45,#46,#47);
#49=DRAUGHTING_PRE_DEFINED_CURVE_FONT('continuous');
#50=CURVE_STYLE('',#49,POSITIVE_LENGTH_MEASURE(2.E-2),#28);
#51=PRESENTATION_STYLE_ASSIGNMENT((#50));
#52=STYLED_ITEM('',(#51),#48);
#53=CARTESIAN_POINT('',(8.284779111500E1,-7.17E1,-4.977997505300E1));
#54=DIRECTION('',(8.571673007021E-1,0.E0,-5.150380749101E-1));
#55=DIRECTION('',(-5.150380749101E-1,0.E0,-8.571673007021E-1));
#56=AXIS2_PLACEMENT_3D('BAJA_COMP_1',#53,#54,#55);
#57=CURVE_STYLE('',#49,POSITIVE_LENGTH_MEASURE(2.E-2),#28);
#58=PRESENTATION_STYLE_ASSIGNMENT((#57));
#59=STYLED_ITEM('',(#58),#56);
#60=CARTESIAN_POINT('',(4.228477911150E2,-7.17E1,-4.977997505400E1));
#61=DIRECTION('',(8.571673007021E-1,0.E0,-5.150380749101E-1));
#62=DIRECTION('',(-5.150380749101E-1,0.E0,-8.571673007021E-1));
#63=AXIS2_PLACEMENT_3D('BAJA_COMP_2',#60,#61,#62);
#64=CURVE_STYLE('',#49,POSITIVE_LENGTH_MEASURE(2.E-2),#28);
#65=PRESENTATION_STYLE_ASSIGNMENT((#64));
#66=STYLED_ITEM('',(#65),#63);
#67=CARTESIAN_POINT('',(3.532154932150E2,8.377E1,-1.1008681E2));
#68=DIRECTION('',(0.E0,1.E0,0.E0));
#69=DIRECTION('',(1.E0,0.E0,0.E0));
#70=AXIS2_PLACEMENT_3D('CASQ_T',#67,#68,#69);
#71=CURVE_STYLE('',#49,POSITIVE_LENGTH_MEASURE(2.E-2),#28);
#72=PRESENTATION_STYLE_ASSIGNMENT((#71));
#73=STYLED_ITEM('',(#72),#70);
#74=DIRECTION('',(8.571673007021E-1,0.E0,-5.150380749101E-1));
#75=VECTOR('',#74,7.209199355316E1);
#76=CARTESIAN_POINT('',(8.284779111500E1,-7.17E1,-4.977997505300E1));
#77=LINE('',#76,#75);
#79=CURVE_STYLE('',#49,POSITIVE_LENGTH_MEASURE(2.E-2),#11);
#80=PRESENTATION_STYLE_ASSIGNMENT((#79));
#81=STYLED_ITEM('',(#80),#78);
#83=DIRECTION('',(0.E0,1.E0,0.E0));
#84=VECTOR('',#83,6.547E1);
#85=CARTESIAN_POINT('',(1.832152191628E2,-2.67E1,-1.1008681E2));
#86=LINE('',#85,#84);
#88=CURVE_STYLE('',#49,POSITIVE_LENGTH_MEASURE(2.E-2),#11);
#89=PRESENTATION_STYLE_ASSIGNMENT((#88));
#90=STYLED_ITEM('',(#89),#87);
#91=DIRECTION('',(1.E0,0.E0,0.E0));
#92=VECTOR('',#91,1.091002740522E2);
#93=CARTESIAN_POINT('',(2.282152191628E2,8.377E1,-1.1008681E2));
#94=LINE('',#93,#92);
#96=CURVE_STYLE('',#49,POSITIVE_LENGTH_MEASURE(2.E-2),#11);
#97=PRESENTATION_STYLE_ASSIGNMENT((#96));
#98=STYLED_ITEM('',(#97),#95);
#99=CARTESIAN_POINT('',(1.832152191628E2,-7.17E1,-1.1008681E2));
#100=DIRECTION('',(8.571673007021E-1,0.E0,-5.150380749101E-1));
#101=VECTOR('',#100,4.5E1);
#102=CARTESIAN_POINT('',(1.446426906312E2,-7.17E1,-8.691009662905E1));
#103=LINE('',#102,#101);
#105=CURVE_STYLE('',#49,POSITIVE_LENGTH_MEASURE(2.E-2),#43);
#106=PRESENTATION_STYLE_ASSIGNMENT((#105));
#107=STYLED_ITEM('',(#106),#104);
#108=DIRECTION('',(0.E0,-1.E0,0.E0));
#109=VECTOR('',#108,4.5E1);
#110=CARTESIAN_POINT('',(1.832152191628E2,-2.67E1,-1.1008681E2));
#111=LINE('',#110,#109);
#113=CURVE_STYLE('',#49,POSITIVE_LENGTH_MEASURE(2.E-2),#43);
#114=PRESENTATION_STYLE_ASSIGNMENT((#113));
#115=STYLED_ITEM('',(#114),#112);
#116=CARTESIAN_POINT('',(1.832152191628E2,8.377E1,-1.1008681E2));
#117=DIRECTION('',(0.E0,1.E0,0.E0));
#118=VECTOR('',#117,4.5E1);
#119=CARTESIAN_POINT('',(1.832152191628E2,3.877E1,-1.1008681E2));
#120=LINE('',#119,#118);
#122=CURVE_STYLE('',#49,POSITIVE_LENGTH_MEASURE(2.E-2),#43);
#123=PRESENTATION_STYLE_ASSIGNMENT((#122));
#124=STYLED_ITEM('',(#123),#121);
#125=DIRECTION('',(-1.E0,0.E0,0.E0));
#126=VECTOR('',#125,4.5E1);
#127=CARTESIAN_POINT('',(2.282152191628E2,8.377E1,-1.1008681E2));
#128=LINE('',#127,#126);
#130=CURVE_STYLE('',#49,POSITIVE_LENGTH_MEASURE(2.E-2),#43);
#131=PRESENTATION_STYLE_ASSIGNMENT((#130));
#132=STYLED_ITEM('',(#131),#129);
#133=DIRECTION('',(8.571673007021E-1,0.E0,-5.150380749101E-1));
#134=VECTOR('',#133,7.209199355122E1);
#135=CARTESIAN_POINT('',(4.228477911150E2,-7.17E1,-4.977997505400E1));
#136=LINE('',#135,#134);
#138=CURVE_STYLE('',#49,POSITIVE_LENGTH_MEASURE(2.E-2),#11);
#139=PRESENTATION_STYLE_ASSIGNMENT((#138));
#140=STYLED_ITEM('',(#139),#137);
#141=DIRECTION('',(1.E0,0.E0,0.E0));
#142=VECTOR('',#141,1.090997259461E2);
#143=CARTESIAN_POINT('',(3.691154932150E2,8.377E1,-1.1008681E2));
#144=LINE('',#143,#142);
#146=CURVE_STYLE('',#49,POSITIVE_LENGTH_MEASURE(2.E-2),#11);
#147=PRESENTATION_STYLE_ASSIGNMENT((#146));
#148=STYLED_ITEM('',(#147),#145);
#149=DIRECTION('',(0.E0,-1.E0,0.E0));
#150=VECTOR('',#149,6.547E1);
#151=CARTESIAN_POINT('',(5.232152191611E2,3.877E1,-1.1008681E2));
#152=LINE('',#151,#150);
#154=CURVE_STYLE('',#49,POSITIVE_LENGTH_MEASURE(2.E-2),#11);
#155=PRESENTATION_STYLE_ASSIGNMENT((#154));
#156=STYLED_ITEM('',(#155),#153);
#157=CARTESIAN_POINT('',(5.232152191611E2,8.377E1,-1.1008681E2));
#158=DIRECTION('',(1.E0,0.E0,0.E0));
#159=VECTOR('',#158,4.5E1);
#160=CARTESIAN_POINT('',(4.782152191611E2,8.377E1,-1.1008681E2));
#161=LINE('',#160,#159);
#163=CURVE_STYLE('',#49,POSITIVE_LENGTH_MEASURE(2.E-2),#43);
#164=PRESENTATION_STYLE_ASSIGNMENT((#163));
#165=STYLED_ITEM('',(#164),#162);
#166=DIRECTION('',(0.E0,1.E0,0.E0));
#167=VECTOR('',#166,4.5E1);
#168=CARTESIAN_POINT('',(5.232152191611E2,3.877E1,-1.1008681E2));
#169=LINE('',#168,#167);
#171=CURVE_STYLE('',#49,POSITIVE_LENGTH_MEASURE(2.E-2),#43);
#172=PRESENTATION_STYLE_ASSIGNMENT((#171));
#173=STYLED_ITEM('',(#172),#170);
#174=CARTESIAN_POINT('',(5.232152191611E2,-7.17E1,-1.1008681E2));
#175=DIRECTION('',(0.E0,-1.E0,0.E0));
#176=VECTOR('',#175,4.5E1);
#177=CARTESIAN_POINT('',(5.232152191611E2,-2.67E1,-1.1008681E2));
#178=LINE('',#177,#176);
#180=CURVE_STYLE('',#49,POSITIVE_LENGTH_MEASURE(2.E-2),#43);
#181=PRESENTATION_STYLE_ASSIGNMENT((#180));
#182=STYLED_ITEM('',(#181),#179);
#183=DIRECTION('',(8.571673007021E-1,0.E0,-5.150380749101E-1));
#184=VECTOR('',#183,4.5E1);
#185=CARTESIAN_POINT('',(4.846426906295E2,-7.17E1,-8.691009662905E1));
#186=LINE('',#185,#184);
#188=CURVE_STYLE('',#49,POSITIVE_LENGTH_MEASURE(2.E-2),#43);
#189=PRESENTATION_STYLE_ASSIGNMENT((#188));
#19=STYLED_ITEM('',(#189),#187);
#19=CARTESIAN_POINT('',(8.284779111500E1,-7.17E1,-4.977997505300E1));
#19=DIRECTION('',(8.571673007021E-1,0.E0,-5.150380749101E-1));
#19=DIRECTION('',(-5.150380749101E-1,0.E0,-8.571673007021E-1));
#19=AXIS2_PLACEMENT_3D('START_1_138_5',#191,#192,#193);
#19=CURVE_STYLE('',#49,POSITIVE_LENGTH_MEASURE(2.E-2),#28);
#19=PRESENTATION_STYLE_ASSIGNMENT((#195));
#19=STYLED_ITEM('',(#196),#194);
#19=CARTESIAN_POINT('',(3.373154932150E2,8.377E1,-1.1008681E2));
#19=DIRECTION('',(-1.E0,0.E0,0.E0));
#20=DIRECTION('',(0.E0,1.E0,0.E0));
#20=AXIS2_PLACEMENT_3D('END_1_138_5',#198,#199,#200);
#20=CURVE_STYLE('',#49,POSITIVE_LENGTH_MEASURE(2.E-2),#28);
#20=PRESENTATION_STYLE_ASSIGNMENT((#202));
#20=STYLED_ITEM('',(#203),#201);
#20=CARTESIAN_POINT('',(3.691154932150E2,8.377E1,-1.1008681E2));
#20=DIRECTION('',(1.E0,0.E0,0.E0));
#20=DIRECTION('',(0.E0,-1.E0,0.E0));
#20=AXIS2_PLACEMENT_3D('START_2_138_5',#205,#206,#207);
#20=CURVE_STYLE('',#49,POSITIVE_LENGTH_MEASURE(2.E-2),#28);
#21=PRESENTATION_STYLE_ASSIGNMENT((#209));
#21=STYLED_ITEM('',(#210),#208);
#21=CARTESIAN_POINT('',(4.228477911150E2,-7.17E1,-4.977997505400E1));
#21=DIRECTION('',(8.571673007021E-1,0.E0,-5.150380749101E-1));
#21=DIRECTION('',(-5.150380749101E-1,0.E0,-8.571673007021E-1));
#21=AXIS2_PLACEMENT_3D('END_2_138_5',#212,#213,#214);
#21=CURVE_STYLE('',#49,POSITIVE_LENGTH_MEASURE(2.E-2),#28);
#21=PRESENTATION_STYLE_ASSIGNMENT((#216));
#21=STYLED_ITEM('',(#217),#215);
#21=CARTESIAN_POINT('',(1.446426906312E2,-2.67E1,-8.691009662905E1));
#22=DIRECTION('',(5.150380749101E-1,0.E0,8.571673007021E-1));
#22=DIRECTION('',(0.E0,-1.E0,0.E0));
#22=AXIS2_PLACEMENT_3D('',#219,#220,#221);
#22=CURVE_STYLE('',#49,POSITIVE_LENGTH_MEASURE(2.E-2),#11);
#22=PRESENTATION_STYLE_ASSIGNMENT((#225));
#22=STYLED_ITEM('',(#226),#224);
#22=CARTESIAN_POINT('',(2.282152191628E2,3.877E1,-1.1008681E2));
#22=DIRECTION('',(0.E0,0.E0,-1.E0));
#23=DIRECTION('',(-1.E0,0.E0,0.E0));
#23=AXIS2_PLACEMENT_3D('',#228,#229,#230);
#23=CURVE_STYLE('',#49,POSITIVE_LENGTH_MEASURE(2.E-2),#11);
#23=PRESENTATION_STYLE_ASSIGNMENT((#234));
#23=STYLED_ITEM('',(#235),#233);
#23=CARTESIAN_POINT('',(4.782152191611E2,3.877E1,-1.1008681E2));
#238=DIRECTION('',(0.E0,0.E0,-1.E0));
#239=DIRECTION('',(0.E0,1.E0,0.E0));
#240=AXIS2_PLACEMENT_3D('',#237,#238,#239);
#243=CURVE_STYLE('',#49,POSITIVE_LENGTH_MEASURE(2.E-2),#11);
#244=PRESENTATION_STYLE_ASSIGNMENT((#243));
#245=STYLED_ITEM('',(#244),#242);
#246=CARTESIAN_POINT('',(4.846426906295E2,-2.67E1,-8.691009662905E1));
#247=DIRECTION('',(-5.150380749101E-1,0.E0,-8.571673007021E-1));
#248=DIRECTION('',(8.571673007021E-1,0.E0,-5.150380749101E-1));
#249=AXIS2_PLACEMENT_3D('',#246,#247,#248);
#252=CURVE_STYLE('',#49,POSITIVE_LENGTH_MEASURE(2.E-2),#11);
#253=PRESENTATION_STYLE_ASSIGNMENT((#252));
#254=STYLED_ITEM('',(#253),#251);
#258=CARTESIAN_POINT('',(-1.775451756348E1,-1.065938828060E1,
1.943627592147E-4));
#259=CARTESIAN_POINT('',(-5.917867023467E0,-1.111949360572E1,
4.799568908789E-4));
#260=CARTESIAN_POINT('',(5.918038318324E0,-1.111962613324E1,4.799631574025E-4));
#261=CARTESIAN_POINT('',(1.775468885834E1,-1.065951651151E1,1.943665120008E-4));
#263=CURVE_STYLE('',#49,POSITIVE_LENGTH_MEASURE(2.E-2),#256);
#264=PRESENTATION_STYLE_ASSIGNMENT((#263));
#265=STYLED_ITEM('',(#264),#262);
#266=CARTESIAN_POINT('',(1.602760480663E1,1.072415004601E1,-2.633167783431E-5));
#267=CARTESIAN_POINT('',(1.660339087505E1,1.070394478792E1,-2.766550998535E-5));
#268=CARTESIAN_POINT('',(1.717914966891E1,1.068254176881E1,-2.038819913318E-5));
#269=CARTESIAN_POINT('',(1.775493573733E1,1.066015891111E1,-2.186580906940E-5));
#271=CURVE_STYLE('',#49,POSITIVE_LENGTH_MEASURE(2.E-2),#256);
#272=PRESENTATION_STYLE_ASSIGNMENT((#271));
#273=STYLED_ITEM('',(#272),#270);
#274=CARTESIAN_POINT('',(1.602760480663E1,1.072415004601E1,-2.633167783431E-5));
#275=CARTESIAN_POINT('',(1.602746542181E1,1.072402481244E1,6.416629793316E-1));
#276=CARTESIAN_POINT('',(1.582340303823E1,1.057127549459E1,2.705321743800E0));
#277=CARTESIAN_POINT('',(1.445897713710E1,9.555328505902E0,6.005814632169E0));
#278=CARTESIAN_POINT('',(1.170060865184E1,7.723396976742E0,9.402895232716E0));
#279=CARTESIAN_POINT('',(8.150931830632E0,5.825372841254E0,1.201036362950E1));
#280=CARTESIAN_POINT('',(4.602863974230E0,4.497397953737E0,1.338523308038E1));
#281=CARTESIAN_POINT('',(2.246462064461E0,4.071482754083E0,1.376195940364E1));
#282=CARTESIAN_POINT('',(1.445082636503E0,3.993417225655E0,1.383076531945E1));
#284=CURVE_STYLE('',#49,POSITIVE_LENGTH_MEASURE(2.E-2),#256);
#285=PRESENTATION_STYLE_ASSIGNMENT((#284));
#286=STYLED_ITEM('',(#285),#283);
#287=CARTESIAN_POINT('',(1.445082636503E0,3.993417225655E0,1.383076531945E1));
#288=CARTESIAN_POINT('',(6.437036135853E-1,3.915351645878E0,1.389957128178E1));
#289=CARTESIAN_POINT('',(-1.808171049817E0,3.872874482353E0,1.393567048905E1));
#290=CARTESIAN_POINT('',(-7.237542527901E0,5.185942750332E0,1.279425947204E1));
#291=CARTESIAN_POINT('',(-1.211501554068E1,7.944469761288E0,9.345164541852E0));
#292=CARTESIAN_POINT('',(-1.509431922352E1,1.002066740914E1,4.753106224810E0));
#293=CARTESIAN_POINT('',(-1.593613332690E1,1.065465374921E1,1.917952464996E0));
#294=CARTESIAN_POINT('',(-1.602613741852E1,1.072465046041E1,4.251099750343E-1));
#295=CARTESIAN_POINT('',(-1.602501413116E1,1.072388587608E1,
-2.374007083386E-5));
#297=CURVE_STYLE('',#49,POSITIVE_LENGTH_MEASURE(2.E-2),#256);
#298=PRESENTATION_STYLE_ASSIGNMENT((#297));
#299=STYLED_ITEM('',(#298),#296);
#300=CARTESIAN_POINT('',(-1.775505022057E1,1.066027503576E1,
-2.186840028159E-5));
#301=CARTESIAN_POINT('',(-1.717840528615E1,1.068269127874E1,
-2.038858233188E-5));
#302=CARTESIAN_POINT('',(-1.660165906558E1,1.070365373398E1,
-2.507572749205E-5));
#303=CARTESIAN_POINT('',(-1.602501413116E1,1.072388587608E1,
-2.374007083386E-5));
#305=CURVE_STYLE('',#49,POSITIVE_LENGTH_MEASURE(2.E-2),#256);
#306=PRESENTATION_STYLE_ASSIGNMENT((#305));
#307=STYLED_ITEM('',(#306),#304);
#308=CARTESIAN_POINT('',(-1.8235E1,0.E0,0.E0));
#309=DIRECTION('',(-1.E0,0.E0,0.E0));
#310=DIRECTION('',(0.E0,-1.E0,0.E0));
#311=AXIS2_PLACEMENT_3D('',#308,#309,#310);
#313=CURVE_STYLE('',#49,POSITIVE_LENGTH_MEASURE(2.E-2),#256);
#314=PRESENTATION_STYLE_ASSIGNMENT((#313));
#315=STYLED_ITEM('',(#314),#312);
#316=DIRECTION('',(-7.070116284517E-1,-7.072018632891E-1,-2.859974068974E-4));
#317=VECTOR('',#316,6.795962289477E-1);
#318=CARTESIAN_POINT('',(-1.775451756348E1,-1.065938828060E1,
1.943627592147E-4));
#319=LINE('',#318,#317);
#320=CURVE_STYLE('',#49,POSITIVE_LENGTH_MEASURE(2.E-2),#256);
#321=PRESENTATION_STYLE_ASSIGNMENT((#320));
#322=STYLED_ITEM('',(#321),#319);
#323=CARTESIAN_POINT('',(-1.775451756348E1,-1.065938828060E1,
1.943627592147E-4));
#324=CARTESIAN_POINT('',(-1.775572909827E1,-1.066059981539E1,
6.356863014704E-1));
#325=CARTESIAN_POINT('',(-1.776250258002E1,-1.055290312079E1,1.905339249973E0));
#326=CARTESIAN_POINT('',(-1.777584695224E1,-1.006596757830E1,3.737976835102E0));
#327=CARTESIAN_POINT('',(-1.780047085494E1,-9.260742661728E0,5.481857789066E0));
#328=CARTESIAN_POINT('',(-1.783070665785E1,-8.192323120342E0,7.020174237313E0));
#329=CARTESIAN_POINT('',(-1.785284386291E1,-6.884781586104E0,8.336034114393E0));
#330=CARTESIAN_POINT('',(-1.787095780862E1,-5.347262383883E0,9.418652603061E0));
#331=CARTESIAN_POINT('',(-1.788904597225E1,-3.647467780018E0,1.021562107462E1));
#332=CARTESIAN_POINT('',(-1.790037987354E1,-1.862203444032E0,1.069693709775E1));
#333=CARTESIAN_POINT('',(-1.790084735609E1,-1.054341653641E-2,
1.085940528874E1));
#334=CARTESIAN_POINT('',(-1.789822399120E1,1.852180550479E0,1.069741402451E1));
#335=CARTESIAN_POINT('',(-1.788783349026E1,3.650315195681E0,1.021384858058E1));
#336=CARTESIAN_POINT('',(-1.787245623566E1,5.347797444730E0,9.418736894662E0));
#337=CARTESIAN_POINT('',(-1.785382357758E1,6.865160988638E0,8.352398021718E0));
#338=CARTESIAN_POINT('',(-1.782694073160E1,8.180598249434E0,7.030630100992E0));
#339=CARTESIAN_POINT('',(-1.780186504881E1,9.262680150955E0,5.479476190514E0));
#340=CARTESIAN_POINT('',(-1.777717427704E1,1.005668319452E1,3.765633539105E0));
#341=CARTESIAN_POINT('',(-1.775821666407E1,1.054955107433E1,1.907404962926E0));
#342=CARTESIAN_POINT('',(-1.775505725120E1,1.066028206639E1,6.366885901582E-1));
#343=CARTESIAN_POINT('',(-1.775505022057E1,1.066027503576E1,
-2.186840028159E-5));
#345=CURVE_STYLE('',#49,POSITIVE_LENGTH_MEASURE(2.E-2),#256);
#346=PRESENTATION_STYLE_ASSIGNMENT((#345));
#347=STYLED_ITEM('',(#346),#344);
#348=DIRECTION('',(-7.072724095641E-1,7.069411132696E-1,3.222611369874E-5));
#349=VECTOR('',#348,6.785925379528E-1);
#350=CARTESIAN_POINT('',(-1.775505022057E1,1.066027503576E1,
-2.186840028159E-5));
#351=LINE('',#350,#349);
#352=CURVE_STYLE('',#49,POSITIVE_LENGTH_MEASURE(2.E-2),#256);
#353=PRESENTATION_STYLE_ASSIGNMENT((#352));
#354=STYLED_ITEM('',(#353),#351);
#355=CARTESIAN_POINT('',(-1.8235E1,0.E0,0.E0));
#356=DIRECTION('',(-1.E0,0.E0,0.E0));
#357=DIRECTION('',(0.E0,0.E0,1.E0));
#358=AXIS2_PLACEMENT_3D('',#355,#356,#357);
#360=CURVE_STYLE('',#49,POSITIVE_LENGTH_MEASURE(2.E-2),#256);
#361=PRESENTATION_STYLE_ASSIGNMENT((#360));
#362=STYLED_ITEM('',(#361),#359);
#363=DIRECTION('',(1.E0,0.E0,0.E0));
#364=VECTOR('',#363,1.6765E1);
#365=CARTESIAN_POINT('',(-3.5E1,0.E0,1.114E1));
#366=LINE('',#365,#364);
#367=CURVE_STYLE('',#49,POSITIVE_LENGTH_MEASURE(2.E-2),#256);
#368=PRESENTATION_STYLE_ASSIGNMENT((#367));
#369=STYLED_ITEM('',(#368),#366);
#370=CARTESIAN_POINT('',(-1.8235E1,0.E0,0.E0));
#371=DIRECTION('',(-1.E0,0.E0,0.E0));
#372=DIRECTION('',(0.E0,0.E0,-1.E0));
#373=AXIS2_PLACEMENT_3D('',#370,#371,#372);
#375=CURVE_STYLE('',#49,POSITIVE_LENGTH_MEASURE(2.E-2),#256);
#376=PRESENTATION_STYLE_ASSIGNMENT((#375));
#377=STYLED_ITEM('',(#376),#374);
#378=CARTESIAN_POINT('',(-1.8235E1,0.E0,0.E0));
#379=DIRECTION('',(-1.E0,0.E0,0.E0));
#380=DIRECTION('',(0.E0,1.E0,0.E0));
#381=AXIS2_PLACEMENT_3D('',#378,#379,#380);
#383=CURVE_STYLE('',#49,POSITIVE_LENGTH_MEASURE(2.E-2),#256);
#384=PRESENTATION_STYLE_ASSIGNMENT((#383));
#385=STYLED_ITEM('',(#384),#382);
#386=DIRECTION('',(1.E0,0.E0,0.E0));
#387=VECTOR('',#386,1.6765E1);
#388=CARTESIAN_POINT('',(-3.5E1,0.E0,-1.114E1));
#389=LINE('',#388,#387);
#390=CURVE_STYLE('',#49,POSITIVE_LENGTH_MEASURE(2.E-2),#256);
#391=PRESENTATION_STYLE_ASSIGNMENT((#390));
#392=STYLED_ITEM('',(#391),#389);
#393=CARTESIAN_POINT('',(-3.5E1,0.E0,0.E0));
#394=DIRECTION('',(1.E0,0.E0,0.E0));
#395=DIRECTION('',(0.E0,0.E0,1.E0));
#396=AXIS2_PLACEMENT_3D('',#393,#394,#395);
#398=CURVE_STYLE('',#49,POSITIVE_LENGTH_MEASURE(2.E-2),#256);
#399=PRESENTATION_STYLE_ASSIGNMENT((#398));
#400=STYLED_ITEM('',(#399),#397);
#401=CARTESIAN_POINT('',(-3.5E1,0.E0,0.E0));
#402=DIRECTION('',(1.E0,0.E0,0.E0));
#403=DIRECTION('',(0.E0,0.E0,-1.E0));
#404=AXIS2_PLACEMENT_3D('',#401,#402,#403);
#406=CURVE_STYLE('',#49,POSITIVE_LENGTH_MEASURE(2.E-2),#256);
#407=PRESENTATION_STYLE_ASSIGNMENT((#406));
#408=STYLED_ITEM('',(#407),#405);
#409=CARTESIAN_POINT('',(-3.5E1,-2.065551937070E-14,0.E0));
#410=DIRECTION('',(1.E0,0.E0,0.E0));
#411=DIRECTION('',(0.E0,1.E0,0.E0));
#412=AXIS2_PLACEMENT_3D('',#409,#410,#411);
#414=CURVE_STYLE('',#49,POSITIVE_LENGTH_MEASURE(2.E-2),#256);
#415=PRESENTATION_STYLE_ASSIGNMENT((#414));
#416=STYLED_ITEM('',(#415),#413);
#417=CARTESIAN_POINT('',(-3.5E1,-2.065551937070E-14,0.E0));
#418=DIRECTION('',(1.E0,0.E0,0.E0));
#419=DIRECTION('',(0.E0,-1.E0,0.E0));
#420=AXIS2_PLACEMENT_3D('',#417,#418,#419);
#422=CURVE_STYLE('',#49,POSITIVE_LENGTH_MEASURE(2.E-2),#256);
#423=PRESENTATION_STYLE_ASSIGNMENT((#422));
#424=STYLED_ITEM('',(#423),#421);
#425=DIRECTION('',(9.999999993158E-1,3.697044489121E-5,1.281309270764E-6));
#426=VECTOR('',#425,1.674001571976E1);
#427=CARTESIAN_POINT('',(-3.5E1,-1.2005E1,0.E0));
#428=LINE('',#427,#426);
#429=CURVE_STYLE('',#49,POSITIVE_LENGTH_MEASURE(2.E-2),#256);
#430=PRESENTATION_STYLE_ASSIGNMENT((#429));
#431=STYLED_ITEM('',(#430),#428);
#432=DIRECTION('',(9.999999997745E-1,2.034658751508E-5,6.079219112843E-6));
#433=VECTOR('',#432,1.674003142079E1);
#434=CARTESIAN_POINT('',(-3.5E1,1.2005E1,0.E0));
#435=LINE('',#434,#433);
#436=CURVE_STYLE('',#49,POSITIVE_LENGTH_MEASURE(2.E-2),#256);
#437=PRESENTATION_STYLE_ASSIGNMENT((#436));
#438=STYLED_ITEM('',(#437),#435);
#439=CARTESIAN_POINT('',(1.812049885343E1,1.200547221305E1,-2.913804367322E-4));
#440=CARTESIAN_POINT('',(1.812009972227E1,1.200516711285E1,-8.807084286379E-1));
#441=CARTESIAN_POINT('',(1.788774069243E1,1.180670197360E1,-2.641386842395E0));
#442=CARTESIAN_POINT('',(1.695398908049E1,1.101573129448E1,-5.133533638990E0));
#443=CARTESIAN_POINT('',(1.557533798949E1,9.878529697473E0,-7.443527157287E0));
#444=CARTESIAN_POINT('',(1.389885199802E1,8.559842927099E0,-9.481335220552E0));
#445=CARTESIAN_POINT('',(1.196376351049E1,7.134064885251E0,-1.126087488941E1));
#446=CARTESIAN_POINT('',(9.826618144801E0,5.674642455338E0,-1.274234284625E1));
#447=CARTESIAN_POINT('',(7.526317944642E0,4.222040787634E0,-1.390840422300E1));
#448=CARTESIAN_POINT('',(5.093096918051E0,2.791068980687E0,-1.475004277138E1));
#449=CARTESIAN_POINT('',(2.582152147926E0,1.393938516499E0,-1.525480075490E1));
#450=CARTESIAN_POINT('',(8.650120013116E-1,4.668773188187E-1,
-1.536953920259E1));
#451=CARTESIAN_POINT('',(7.195267170303E-3,3.883549581239E-3,-1.537E1));
#452=CARTESIAN_POINT('',(0.E0,0.E0,-1.537E1));
#454=CURVE_STYLE('',#49,POSITIVE_LENGTH_MEASURE(2.E-2),#256);
#455=PRESENTATION_STYLE_ASSIGNMENT((#454));
#456=STYLED_ITEM('',(#455),#453);
#457=CARTESIAN_POINT('',(0.E0,5.939214395770E-7,-1.536908690022E1));
#458=CARTESIAN_POINT('',(-6.442508227824E-3,5.023501544145E-3,
-1.536908690022E1));
#459=CARTESIAN_POINT('',(-1.393012697579E-2,8.465423279880E-3,
-1.536908564490E1));
#460=CARTESIAN_POINT('',(-2.037263010995E-2,1.348833090258E-2,
-1.536907754355E1));
#462=CURVE_STYLE('',#49,POSITIVE_LENGTH_MEASURE(2.E-2),#256);
#463=PRESENTATION_STYLE_ASSIGNMENT((#462));
#464=STYLED_ITEM('',(#463),#461);
#465=CARTESIAN_POINT('',(-2.037263010995E-2,1.348833090258E-2,
-1.536907754355E1));
#466=CARTESIAN_POINT('',(-1.723143140632E0,9.325708824642E-1,
-1.536717013954E1));
#467=CARTESIAN_POINT('',(-5.144063871602E0,2.777497545872E0,-1.491646848720E1));
#468=CARTESIAN_POINT('',(-9.916164323089E0,5.672459508435E0,-1.289768092551E1));
#469=CARTESIAN_POINT('',(-1.402486385501E1,8.608195144924E0,-9.611849024427E0));
#470=CARTESIAN_POINT('',(-1.663366302010E1,1.074520869165E1,-5.971358918145E0));
#471=CARTESIAN_POINT('',(-1.789289382761E1,1.181065950414E1,-2.633831619214E0));
#472=CARTESIAN_POINT('',(-1.811997476389E1,1.200542815352E1,
-8.775249644896E-1));
#473=CARTESIAN_POINT('',(-1.811997875229E1,1.200545859641E1,1.359044428239E-4));
#475=CURVE_STYLE('',#49,POSITIVE_LENGTH_MEASURE(2.E-2),#256);
#476=PRESENTATION_STYLE_ASSIGNMENT((#475));
#477=STYLED_ITEM('',(#476),#474);
#478=CARTESIAN_POINT('',(-1.826E1,-2.065551937070E-14,0.E0));
#479=DIRECTION('',(-1.E0,0.E0,0.E0));
#480=DIRECTION('',(0.E0,1.E0,0.E0));
#481=AXIS2_PLACEMENT_3D('',#478,#479,#480);
#483=CURVE_STYLE('',#49,POSITIVE_LENGTH_MEASURE(2.E-2),#256);
#484=PRESENTATION_STYLE_ASSIGNMENT((#483));
#485=STYLED_ITEM('',(#484),#482);
#486=CARTESIAN_POINT('',(1.826E1,-2.065551937070E-14,0.E0));
#487=DIRECTION('',(1.E0,0.E0,0.E0));
#488=DIRECTION('',(0.E0,-1.E0,0.E0));
#489=AXIS2_PLACEMENT_3D('',#486,#487,#488);
#491=CURVE_STYLE('',#49,POSITIVE_LENGTH_MEASURE(2.E-2),#256);
#492=PRESENTATION_STYLE_ASSIGNMENT((#491));
#493=STYLED_ITEM('',(#492),#490);
#494=CARTESIAN_POINT('',(2.047577919698E-2,1.333310216923E-2,1.536950971696E1));
#495=CARTESIAN_POINT('',(1.544901213230E0,1.201920238973E0,1.536767108889E1));
#496=CARTESIAN_POINT('',(4.604233403341E0,3.591886520590E0,1.490518307724E1));
#497=CARTESIAN_POINT('',(8.779004482942E0,7.167414102694E0,1.289561574737E1));
#498=CARTESIAN_POINT('',(1.222454015179E1,1.066492301699E1,9.711660178670E0));
#499=CARTESIAN_POINT('',(1.427409578075E1,1.322131614045E1,6.138990678363E0));
#500=CARTESIAN_POINT('',(1.520448176487E1,1.451473298666E1,2.739923150412E0));
#501=CARTESIAN_POINT('',(1.537035412065E1,1.475624038446E1,9.132716860753E-1));
#502=CARTESIAN_POINT('',(1.537010535109E1,1.475585331078E1,-1.707997417182E-9));
#504=CURVE_STYLE('',#49,POSITIVE_LENGTH_MEASURE(2.E-2),#256);
#505=PRESENTATION_STYLE_ASSIGNMENT((#504));
#506=STYLED_ITEM('',(#505),#503);
#507=CARTESIAN_POINT('',(-1.536998743575E1,1.475499552082E1,
2.424410075907E-10));
#508=CARTESIAN_POINT('',(-1.537000508399E1,1.475502067028E1,9.146013701189E-1));
#509=CARTESIAN_POINT('',(-1.520521616862E1,1.451624767537E1,2.743102833841E0));
#510=CARTESIAN_POINT('',(-1.426986646403E1,1.321548899934E1,6.145909892609E0));
#511=CARTESIAN_POINT('',(-1.262958484862E1,1.117039423477E1,9.005123567039E0));
#512=CARTESIAN_POINT('',(-1.049882552919E1,8.913447433430E0,1.130557222518E1));
#513=CARTESIAN_POINT('',(-8.083092655565E0,6.571757389997E0,1.323023116939E1));
#514=CARTESIAN_POINT('',(-4.602669319176E0,3.590355094344E0,1.490602126016E1));
#515=CARTESIAN_POINT('',(-1.545059718427E0,1.202323998681E0,1.536753081500E1));
#516=CARTESIAN_POINT('',(-2.037271872996E-2,1.348791974724E-2,
1.536950937933E1));
#518=CURVE_STYLE('',#49,POSITIVE_LENGTH_MEASURE(2.E-2),#256);
#519=PRESENTATION_STYLE_ASSIGNMENT((#518));
#520=STYLED_ITEM('',(#519),#517);
#521=DIRECTION('',(-4.436928849458E-6,9.999999999902E-1,7.193338266030E-11));
#522=VECTOR('',#521,2.374414668945E1);
#523=CARTESIAN_POINT('',(1.537010535109E1,1.475585331078E1,-1.707997417182E-9));
#524=LINE('',#523,#522);
#525=CURVE_STYLE('',#49,POSITIVE_LENGTH_MEASURE(2.E-2),#256);
#526=PRESENTATION_STYLE_ASSIGNMENT((#525));
#527=STYLED_ITEM('',(#526),#524);
#528=DIRECTION('',(5.291324702939E-7,-9.999999999999E-1,1.021013720703E-11));
#529=VECTOR('',#528,2.374500447919E1);
#530=CARTESIAN_POINT('',(-1.537E1,3.85E1,0.E0));
#531=LINE('',#530,#529);
#532=CURVE_STYLE('',#49,POSITIVE_LENGTH_MEASURE(2.E-2),#256);
#533=PRESENTATION_STYLE_ASSIGNMENT((#532));
#534=STYLED_ITEM('',(#533),#531);
#535=CARTESIAN_POINT('',(-2.037263010995E-2,1.348833090258E-2,
-1.536907754355E1));
#536=CARTESIAN_POINT('',(-2.553225424866E-1,1.966536418967E-1,
-1.536878209771E1));
#537=CARTESIAN_POINT('',(-7.232067551628E-1,5.644596057898E-1,
-1.535882687835E1));
#538=CARTESIAN_POINT('',(-1.189492847468E0,9.293561047516E-1,
-1.532554339594E1));
#539=CARTESIAN_POINT('',(-1.421968876304E0,1.111411527354E0,-1.530393377067E1));
#541=CURVE_STYLE('',#49,POSITIVE_LENGTH_MEASURE(2.E-2),#256);
#542=PRESENTATION_STYLE_ASSIGNMENT((#541));
#543=STYLED_ITEM('',(#542),#540);
#544=CARTESIAN_POINT('',(1.537031605327E1,1.475559054467E1,-5.123988486982E-9));
#545=CARTESIAN_POINT('',(1.537006646652E1,1.475520219949E1,-9.162716866657E-1));
#546=CARTESIAN_POINT('',(1.520200872783E1,1.451119494560E1,-2.748726841967E0));
#547=CARTESIAN_POINT('',(1.450822887024E1,1.354790154111E1,-5.289014506156E0));
#548=CARTESIAN_POINT('',(1.344193147602E1,1.218071080843E1,-7.587108377643E0));
#549=CARTESIAN_POINT('',(1.209648482864E1,1.060785301578E1,-9.580461252832E0));
#550=CARTESIAN_POINT('',(1.049447768331E1,8.907551220123E0,-1.131004768951E1));
#551=CARTESIAN_POINT('',(8.680189875328E0,7.151955715268E0,-1.275396304163E1));
#552=CARTESIAN_POINT('',(6.687624368479E0,5.374951005150E0,-1.390196806791E1));
#553=CARTESIAN_POINT('',(4.546444738181E0,3.586085975075E0,-1.474201490016E1));
#554=CARTESIAN_POINT('',(2.311758479833E0,1.802588497448E0,-1.525257014562E1));
#555=CARTESIAN_POINT('',(7.744602529568E-1,6.038034528793E-1,
-1.536953189949E1));
#556=CARTESIAN_POINT('',(6.442043861552E-3,5.022514990162E-3,-1.537E1));
#557=CARTESIAN_POINT('',(0.E0,0.E0,-1.537E1));
#559=CURVE_STYLE('',#49,POSITIVE_LENGTH_MEASURE(2.E-2),#256);
#560=PRESENTATION_STYLE_ASSIGNMENT((#559));
#561=STYLED_ITEM('',(#560),#558);
#562=CARTESIAN_POINT('',(-1.182783724192E-14,3.85E1,0.E0));
#563=DIRECTION('',(0.E0,1.E0,0.E0));
#564=DIRECTION('',(-1.E0,0.E0,0.E0));
#565=AXIS2_PLACEMENT_3D('',#562,#563,#564);
#567=CURVE_STYLE('',#49,POSITIVE_LENGTH_MEASURE(2.E-2),#256);
#568=PRESENTATION_STYLE_ASSIGNMENT((#567));
#569=STYLED_ITEM('',(#568),#566);
#570=CARTESIAN_POINT('',(-1.182783724192E-14,3.85E1,0.E0));
#571=DIRECTION('',(0.E0,1.E0,0.E0));
#572=DIRECTION('',(1.E0,0.E0,0.E0));
#573=AXIS2_PLACEMENT_3D('',#570,#571,#572);
#575=CURVE_STYLE('',#49,POSITIVE_LENGTH_MEASURE(2.E-2),#256);
#576=PRESENTATION_STYLE_ASSIGNMENT((#575));
#577=STYLED_ITEM('',(#576),#574);
#578=CARTESIAN_POINT('',(0.E0,3.85E1,0.E0));
#579=DIRECTION('',(0.E0,1.E0,0.E0));
#580=DIRECTION('',(-1.E0,0.E0,0.E0));
#581=AXIS2_PLACEMENT_3D('',#578,#579,#580);
#583=CURVE_STYLE('',#49,POSITIVE_LENGTH_MEASURE(2.E-2),#256);
#584=PRESENTATION_STYLE_ASSIGNMENT((#583));
#585=STYLED_ITEM('',(#584),#582);
#586=CARTESIAN_POINT('',(0.E0,3.85E1,0.E0));
#587=DIRECTION('',(0.E0,1.E0,0.E0));
#588=DIRECTION('',(1.E0,0.E0,0.E0));
#589=AXIS2_PLACEMENT_3D('',#586,#587,#588);
#591=CURVE_STYLE('',#49,POSITIVE_LENGTH_MEASURE(2.E-2),#256);
#592=PRESENTATION_STYLE_ASSIGNMENT((#591));
#593=STYLED_ITEM('',(#592),#590);
#594=DIRECTION('',(0.E0,1.E0,0.E0));
#595=VECTOR('',#594,2.58E1);
#596=CARTESIAN_POINT('',(-1.435E1,1.27E1,0.E0));
#597=LINE('',#596,#595);
#598=CURVE_STYLE('',#49,POSITIVE_LENGTH_MEASURE(2.E-2),#256);
#599=PRESENTATION_STYLE_ASSIGNMENT((#598));
#600=STYLED_ITEM('',(#599),#597);
#601=DIRECTION('',(0.E0,-1.E0,0.E0));
#602=VECTOR('',#601,2.58E1);
#603=CARTESIAN_POINT('',(1.435E1,3.85E1,0.E0));
#604=LINE('',#603,#602);
#605=CURVE_STYLE('',#49,POSITIVE_LENGTH_MEASURE(2.E-2),#256);
#606=PRESENTATION_STYLE_ASSIGNMENT((#605));
#607=STYLED_ITEM('',(#606),#604);
#608=CARTESIAN_POINT('',(1.292929441439E1,1.199291591313E1,-4.355010025507E0));
#609=CARTESIAN_POINT('',(1.313300495508E1,1.201923589232E1,-3.832679772698E0));
#610=CARTESIAN_POINT('',(1.348257776427E1,1.209305851052E1,-2.810655041741E0));
#611=CARTESIAN_POINT('',(1.378412366565E1,1.217494792449E1,-1.341374007600E0));
#612=CARTESIAN_POINT('',(1.384183531740E1,1.219090601677E1,-4.319879859497E-1));
#613=CARTESIAN_POINT('',(1.384186811528E1,1.219093881464E1,-1.349860119824E-7));
#615=CURVE_STYLE('',#49,POSITIVE_LENGTH_MEASURE(2.E-2),#256);
#616=PRESENTATION_STYLE_ASSIGNMENT((#615));
#617=STYLED_ITEM('',(#616),#614);
#618=CARTESIAN_POINT('',(-1.383994985068E1,1.218897839142E1,2.412776963674E-7));
#619=CARTESIAN_POINT('',(-1.384001882617E1,1.218904736692E1,
-4.284238325627E-1));
#620=CARTESIAN_POINT('',(-1.378620181451E1,1.217676531455E1,-1.333112682518E0));
#621=CARTESIAN_POINT('',(-1.348822842420E1,1.209410973053E1,-2.788537319802E0));
#622=CARTESIAN_POINT('',(-1.313650423474E1,1.201968891833E1,-3.823522435836E0));
#623=CARTESIAN_POINT('',(-1.292922895289E1,1.199290549105E1,-4.354983970736E0));
#625=CURVE_STYLE('',#49,POSITIVE_LENGTH_MEASURE(2.E-2),#256);
#626=PRESENTATION_STYLE_ASSIGNMENT((#625));
#627=STYLED_ITEM('',(#626),#624);
#628=DIRECTION('',(-7.064337120452E-1,7.077792102669E-1,-3.341763528667E-7));
#629=VECTOR('',#628,7.220070908596E-1);
#630=CARTESIAN_POINT('',(-1.383994985068E1,1.218897839142E1,2.412776963674E-7));
#631=LINE('',#630,#629);
#632=CURVE_STYLE('',#49,POSITIVE_LENGTH_MEASURE(2.E-2),#256);
#633=PRESENTATION_STYLE_ASSIGNMENT((#632));
#634=STYLED_ITEM('',(#633),#631);
#635=CARTESIAN_POINT('',(0.E0,1.27E1,0.E0));
#636=DIRECTION('',(0.E0,1.E0,0.E0));
#637=DIRECTION('',(1.E0,0.E0,0.E0));
#638=AXIS2_PLACEMENT_3D('',#635,#636,#637);
#640=CURVE_STYLE('',#49,POSITIVE_LENGTH_MEASURE(2.E-2),#256);
#641=PRESENTATION_STYLE_ASSIGNMENT((#640));
#642=STYLED_ITEM('',(#641),#639);
#643=DIRECTION('',(7.064604784414E-1,7.077524937436E-1,1.876723060979E-7));
#644=VECTOR('',#643,7.192644177985E-1);
#645=CARTESIAN_POINT('',(1.384186811528E1,1.219093881464E1,-1.349860119824E-7));
#646=LINE('',#645,#644);
#647=CURVE_STYLE('',#49,POSITIVE_LENGTH_MEASURE(2.E-2),#256);
#648=PRESENTATION_STYLE_ASSIGNMENT((#647));
#649=STYLED_ITEM('',(#648),#646);
#650=CARTESIAN_POINT('',(1.285320247084E0,5.156539824093E0,1.355423257162E1));
#651=CARTESIAN_POINT('',(1.311457462424E0,4.925942243518E0,1.355174696480E1));
#652=CARTESIAN_POINT('',(1.363209965373E0,4.522776378284E0,1.360423408708E1));
#653=CARTESIAN_POINT('',(1.420075108396E0,4.146136443091E0,1.375136413705E1));
#654=CARTESIAN_POINT('',(1.445082636503E0,3.993417225655E0,1.383076531945E1));
#656=CURVE_STYLE('',#49,POSITIVE_LENGTH_MEASURE(2.E-2),#256);
#657=PRESENTATION_STYLE_ASSIGNMENT((#656));
#658=STYLED_ITEM('',(#657),#655);
#659=CARTESIAN_POINT('',(-1.286012334497E0,5.155482537674E0,-1.355416856218E1));
#660=CARTESIAN_POINT('',(-1.312047718801E0,4.924974419918E0,-1.355184594567E1));
#661=CARTESIAN_POINT('',(-1.363248739684E0,4.521687227231E0,-1.360428925264E1));
#662=CARTESIAN_POINT('',(-1.420139385303E0,4.145697630993E0,-1.375184140233E1));
#663=CARTESIAN_POINT('',(-1.445176792343E0,3.993111158704E0,-1.383117969456E1));
#665=CURVE_STYLE('',#49,POSITIVE_LENGTH_MEASURE(2.E-2),#256);
#666=PRESENTATION_STYLE_ASSIGNMENT((#665));
#667=STYLED_ITEM('',(#666),#664);
#668=CARTESIAN_POINT('',(1.384186811528E1,1.219093881464E1,-1.349860119824E-7));
#669=CARTESIAN_POINT('',(1.384190064862E1,1.219097134798E1,4.285035294505E-1));
#670=CARTESIAN_POINT('',(1.378498184945E1,1.217553014344E1,1.333043520362E0));
#671=CARTESIAN_POINT('',(1.348807149307E1,1.209392404305E1,2.788389460284E0));
#672=CARTESIAN_POINT('',(1.313638214637E1,1.201958019862E1,3.823466423594E0));
#673=CARTESIAN_POINT('',(1.292920200576E1,1.199290139005E1,4.354973241762E0));
#675=CURVE_STYLE('',#49,POSITIVE_LENGTH_MEASURE(2.E-2),#256);
#676=PRESENTATION_STYLE_ASSIGNMENT((#675));
#677=STYLED_ITEM('',(#676),#674);
#678=CARTESIAN_POINT('',(0.E0,1.27E1,0.E0));
#679=DIRECTION('',(0.E0,1.E0,0.E0));
#680=DIRECTION('',(-1.E0,0.E0,0.E0));
#681=AXIS2_PLACEMENT_3D('',#678,#679,#680);
#683=CURVE_STYLE('',#49,POSITIVE_LENGTH_MEASURE(2.E-2),#256);
#684=PRESENTATION_STYLE_ASSIGNMENT((#683));
#685=STYLED_ITEM('',(#684),#682);
#686=CARTESIAN_POINT('',(-1.292969643506E1,1.199297925896E1,4.355170076063E0));
#687=CARTESIAN_POINT('',(-1.313345754908E1,1.201935288291E1,3.832857733804E0));
#688=CARTESIAN_POINT('',(-1.348225185035E1,1.209288725077E1,2.810592669638E0));
#689=CARTESIAN_POINT('',(-1.378492631490E1,1.217572324386E1,1.341412138373E0));
#690=CARTESIAN_POINT('',(-1.383988031607E1,1.218890885682E1,4.318971071652E-1));
#691=CARTESIAN_POINT('',(-1.383994985068E1,1.218897839142E1,2.412776963674E-7));
#693=CURVE_STYLE('',#49,POSITIVE_LENGTH_MEASURE(2.E-2),#256);
#694=PRESENTATION_STYLE_ASSIGNMENT((#693));
#695=STYLED_ITEM('',(#694),#692);
#696=CARTESIAN_POINT('',(1.292920200576E1,1.199290139005E1,4.354973241762E0));
#697=CARTESIAN_POINT('',(1.288851176289E1,1.199290139005E1,4.457286011658E0));
#698=CARTESIAN_POINT('',(1.280598230496E1,1.199289037474E1,4.662393172096E0));
#699=CARTESIAN_POINT('',(1.267755062038E1,1.199289091621E1,4.973113164507E0));
#700=CARTESIAN_POINT('',(1.259169733420E1,1.199290048761E1,5.179260790357E0));
#701=CARTESIAN_POINT('',(1.254801356720E1,1.199290048761E1,5.283142489770E0));
#703=CURVE_STYLE('',#49,POSITIVE_LENGTH_MEASURE(2.E-2),#256);
#704=PRESENTATION_STYLE_ASSIGNMENT((#703));
#705=STYLED_ITEM('',(#704),#702);
#706=CARTESIAN_POINT('',(0.E0,1.199289321881E1,0.E0));
#707=DIRECTION('',(0.E0,1.E0,0.E0));
#708=DIRECTION('',(-9.476838911320E-1,0.E0,3.192103420771E-1));
#709=AXIS2_PLACEMENT_3D('',#706,#707,#708);
#711=CURVE_STYLE('',#49,POSITIVE_LENGTH_MEASURE(2.E-2),#256);
#712=PRESENTATION_STYLE_ASSIGNMENT((#711));
#713=STYLED_ITEM('',(#712),#710);
#714=CARTESIAN_POINT('',(-1.254854928568E1,1.199290550163E1,5.282482405410E0));
#715=CARTESIAN_POINT('',(-1.259266563786E1,1.199290550163E1,5.177974533507E0));
#716=CARTESIAN_POINT('',(-1.267929409467E1,1.199289895885E1,4.972108827416E0));
#717=CARTESIAN_POINT('',(-1.280828589467E1,1.199285470446E1,4.661811996639E0));
#718=CARTESIAN_POINT('',(-1.288917697551E1,1.199297925896E1,4.456960859405E0));
#719=CARTESIAN_POINT('',(-1.292969643506E1,1.199297925896E1,4.355170076063E0));
#721=CURVE_STYLE('',#49,POSITIVE_LENGTH_MEASURE(2.E-2),#256);
#722=PRESENTATION_STYLE_ASSIGNMENT((#721));
#723=STYLED_ITEM('',(#722),#720);
#724=CARTESIAN_POINT('',(0.E0,1.199289321881E1,0.E0));
#725=DIRECTION('',(0.E0,-1.E0,0.E0));
#726=DIRECTION('',(9.216152385E-1,0.E0,3.881048211045E-1));
#727=AXIS2_PLACEMENT_3D('',#724,#725,#726);
#729=CURVE_STYLE('',#49,POSITIVE_LENGTH_MEASURE(2.E-2),#256);
#730=PRESENTATION_STYLE_ASSIGNMENT((#729));
#731=STYLED_ITEM('',(#730),#728);
#732=CARTESIAN_POINT('',(1.285320247084E0,5.156539824093E0,1.355423257162E1));
#733=CARTESIAN_POINT('',(5.727193750758E-1,5.059793317300E0,1.362205713669E1));
#734=CARTESIAN_POINT('',(-1.609759196843E0,5.004542539471E0,1.365877062722E1));
#735=CARTESIAN_POINT('',(-6.430636453929E0,6.637982998681E0,1.252573627487E1));
#736=CARTESIAN_POINT('',(-1.033045709175E1,9.708206868246E0,9.433998439901E0));
#737=CARTESIAN_POINT('',(-1.214660550567E1,1.155983440786E1,6.234827505967E0));
#738=CARTESIAN_POINT('',(-1.254854928568E1,1.199290550163E1,5.282482405410E0));
#740=CURVE_STYLE('',#49,POSITIVE_LENGTH_MEASURE(2.E-2),#256);
#741=PRESENTATION_STYLE_ASSIGNMENT((#740));
#742=STYLED_ITEM('',(#741),#739);
#743=CARTESIAN_POINT('',(1.254801356720E1,1.199290048761E1,5.283142489770E0));
#744=CARTESIAN_POINT('',(1.230111142505E1,1.172225173812E1,5.869604112786E0));
#745=CARTESIAN_POINT('',(1.170034493005E1,1.109645316199E1,7.075915178252E0));
#746=CARTESIAN_POINT('',(1.034131513566E1,9.816681184832E0,8.962279859493E0));
#747=CARTESIAN_POINT('',(8.638458194866E0,8.458678577458E0,1.060873628506E1));
#748=CARTESIAN_POINT('',(6.775979138087E0,7.218111888360E0,1.187481249752E1));
#749=CARTESIAN_POINT('',(4.912516734609E0,6.226100677876E0,1.274704811624E1));
#750=CARTESIAN_POINT('',(3.126109950989E0,5.520234592709E0,1.329424140400E1));
#751=CARTESIAN_POINT('',(1.895548515536E0,5.245498301905E0,1.349640858617E1));
#752=CARTESIAN_POINT('',(1.285320247084E0,5.156539824093E0,1.355423257162E1));
#754=CURVE_STYLE('',#49,POSITIVE_LENGTH_MEASURE(2.E-2),#256);
#755=PRESENTATION_STYLE_ASSIGNMENT((#754));
#756=STYLED_ITEM('',(#755),#753);
#757=CARTESIAN_POINT('',(-1.445176792343E0,3.993111158704E0,-1.383117969456E1));
#758=CARTESIAN_POINT('',(-2.454996087204E-1,3.878798346578E0,
-1.393319473950E1));
#759=CARTESIAN_POINT('',(2.221022437881E0,3.944932797175E0,-1.387871928134E1));
#760=CARTESIAN_POINT('',(6.779699470195E0,5.161215077248E0,-1.276462199796E1));
#761=CARTESIAN_POINT('',(1.091291470736E1,7.229748549780E0,-1.024850213967E1));
#762=CARTESIAN_POINT('',(1.423049750187E1,9.390078090807E0,-6.367693798364E0));
#763=CARTESIAN_POINT('',(1.573004098224E1,1.050329621226E1,-3.047434248809E0));
#764=CARTESIAN_POINT('',(1.601952624835E1,1.071651270581E1,-8.494976174440E-1));
#765=CARTESIAN_POINT('',(1.602761986255E1,1.072416357380E1,-6.933857178273E-2));
#766=CARTESIAN_POINT('',(1.602760480663E1,1.072415004601E1,-2.633167783431E-5));
#768=CURVE_STYLE('',#49,POSITIVE_LENGTH_MEASURE(2.E-2),#256);
#769=PRESENTATION_STYLE_ASSIGNMENT((#768));
#770=STYLED_ITEM('',(#769),#767);
#771=CARTESIAN_POINT('',(1.775493573733E1,1.066015891111E1,-2.186580906940E-5));
#772=CARTESIAN_POINT('',(1.775492874850E1,1.066015192228E1,-6.329473923413E-1));
#773=CARTESIAN_POINT('',(1.775823921386E1,1.055010647442E1,-1.896745755709E0));
#774=CARTESIAN_POINT('',(1.777680807158E1,1.006785249025E1,-3.734230600846E0));
#775=CARTESIAN_POINT('',(1.780183208593E1,9.274242536913E0,-5.459023032208E0));
#776=CARTESIAN_POINT('',(1.782663219407E1,8.209936221818E0,-6.995187135092E0));
#777=CARTESIAN_POINT('',(1.785388985618E1,6.886088310773E0,-8.337668877336E0));
#778=CARTESIAN_POINT('',(1.787293070535E1,5.351563779615E0,-9.417393326963E0));
#779=CARTESIAN_POINT('',(1.788838185031E1,3.661728656168E0,-1.020992125682E1));
#780=CARTESIAN_POINT('',(1.789843236454E1,1.866952495029E0,-1.069453172720E1));
#781=CARTESIAN_POINT('',(1.789989581873E1,2.088874298170E-2,-1.085758000983E1));
#782=CARTESIAN_POINT('',(1.789869078881E1,-1.827946977612E0,-1.070173880604E1));
#783=CARTESIAN_POINT('',(1.788846632874E1,-3.629907923285E0,-1.022190451647E1));
#784=CARTESIAN_POINT('',(1.787222430821E1,-5.331788055133E0,-9.428563811812E0));
#785=CARTESIAN_POINT('',(1.785293527319E1,-6.876060232198E0,-8.345335352584E0));
#786=CARTESIAN_POINT('',(1.782687115615E1,-8.205480092552E0,-7.000877909798E0));
#787=CARTESIAN_POINT('',(1.780350075159E1,-9.270383489173E0,-5.468330516929E0));
#788=CARTESIAN_POINT('',(1.777760214376E1,-1.006359798981E1,-3.747517552095E0));
#789=CARTESIAN_POINT('',(1.775557749791E1,-1.054597382011E1,-1.907852726941E0));
#790=CARTESIAN_POINT('',(1.775347326106E1,-1.065830091423E1,
-6.374399897370E-1));
#791=CARTESIAN_POINT('',(1.775468885834E1,-1.065951651151E1,1.943665120008E-4));
#793=CURVE_STYLE('',#49,POSITIVE_LENGTH_MEASURE(2.E-2),#256);
#794=PRESENTATION_STYLE_ASSIGNMENT((#793));
#795=STYLED_ITEM('',(#794),#792);
#796=CARTESIAN_POINT('',(-1.775451756348E1,-1.065938828060E1,
1.943627592147E-4));
#797=CARTESIAN_POINT('',(-1.775329345960E1,-1.065816417673E1,
-6.419020101210E-1));
#798=CARTESIAN_POINT('',(-1.775571497960E1,-1.054444728979E1,
-1.919438694305E0));
#799=CARTESIAN_POINT('',(-1.777781753025E1,-1.005823085756E1,
-3.762879601939E0));
#800=CARTESIAN_POINT('',(-1.780370263043E1,-9.262161745328E0,
-5.482388059272E0));
#801=CARTESIAN_POINT('',(-1.782703172634E1,-8.197699888057E0,
-7.009593542840E0));
#802=CARTESIAN_POINT('',(-1.785295726510E1,-6.873677356380E0,
-8.346559120956E0));
#803=CARTESIAN_POINT('',(-1.787214517511E1,-5.338468359709E0,
-9.423930389516E0));
#804=CARTESIAN_POINT('',(-1.788830489684E1,-3.647582101425E0,
-1.021490714446E1));
#805=CARTESIAN_POINT('',(-1.789862655655E1,-1.852411223335E0,
-1.069724432591E1));
#806=CARTESIAN_POINT('',(-1.789989755396E1,-6.173294237764E-3,
-1.085759361259E1));
#807=CARTESIAN_POINT('',(-1.789849730837E1,1.842325048412E0,-1.069908597497E1));
#808=CARTESIAN_POINT('',(-1.788853907851E1,3.643598620395E0,-1.021704604E1));
#809=CARTESIAN_POINT('',(-1.787302176628E1,5.343526828970E0,-9.422804249674E0));
#810=CARTESIAN_POINT('',(-1.785388491495E1,6.887559138122E0,-8.337208343249E0));
#811=CARTESIAN_POINT('',(-1.782649217738E1,8.216291123453E0,-6.988058550820E0));
#812=CARTESIAN_POINT('',(-1.780165866137E1,9.281061826878E0,-5.447288734669E0));
#813=CARTESIAN_POINT('',(-1.777664022502E1,1.007249175406E1,-3.721151947579E0));
#814=CARTESIAN_POINT('',(-1.775813361416E1,1.055173215091E1,-1.885126247468E0));
#815=CARTESIAN_POINT('',(-1.775504328265E1,1.066026809784E1,
-6.283371841170E-1));
#816=CARTESIAN_POINT('',(-1.775505022057E1,1.066027503576E1,
-2.186840028159E-5));
#818=CURVE_STYLE('',#49,POSITIVE_LENGTH_MEASURE(2.E-2),#256);
#819=PRESENTATION_STYLE_ASSIGNMENT((#818));
#820=STYLED_ITEM('',(#819),#817);
#821=CARTESIAN_POINT('',(-1.602501413116E1,1.072388587608E1,
-2.374007083386E-5));
#822=CARTESIAN_POINT('',(-1.602331638711E1,1.072273025457E1,
-6.425680173805E-1));
#823=CARTESIAN_POINT('',(-1.575199004975E1,1.051679137914E1,-3.420494485133E0));
#824=CARTESIAN_POINT('',(-1.336205948481E1,8.733197062233E0,-7.951869688306E0));
#825=CARTESIAN_POINT('',(-9.139339100617E0,6.249685326321E0,-1.149510837029E1));
#826=CARTESIAN_POINT('',(-4.977036903321E0,4.630829737734E0,-1.326662359807E1));
#827=CARTESIAN_POINT('',(-2.644853102602E0,4.107424082781E0,-1.372916454418E1));
#828=CARTESIAN_POINT('',(-1.445176792343E0,3.993111158704E0,-1.383117969456E1));
#830=CURVE_STYLE('',#49,POSITIVE_LENGTH_MEASURE(2.E-2),#256);
#831=PRESENTATION_STYLE_ASSIGNMENT((#830));
#832=STYLED_ITEM('',(#831),#829);
#833=CARTESIAN_POINT('',(1.8235E1,0.E0,0.E0));
#834=DIRECTION('',(-1.E0,0.E0,0.E0));
#835=DIRECTION('',(0.E0,0.E0,-1.E0));
#836=AXIS2_PLACEMENT_3D('',#833,#834,#835);
#838=CURVE_STYLE('',#49,POSITIVE_LENGTH_MEASURE(2.E-2),#256);
#839=PRESENTATION_STYLE_ASSIGNMENT((#838));
#840=STYLED_ITEM('',(#839),#837);
#841=DIRECTION('',(7.069799004429E-1,-7.072335813019E-1,-2.860920877839E-4));
#842=VECTOR('',#841,6.793844370397E-1);
#843=CARTESIAN_POINT('',(1.775468885834E1,-1.065951651151E1,1.943665120008E-4));
#844=LINE('',#843,#842);
#845=CURVE_STYLE('',#49,POSITIVE_LENGTH_MEASURE(2.E-2),#256);
#846=PRESENTATION_STYLE_ASSIGNMENT((#845));
#847=STYLED_ITEM('',(#846),#844);
#848=DIRECTION('',(7.072711609218E-1,7.069423624954E-1,3.221455411109E-5));
#849=VECTOR('',#848,6.787556020848E-1);
#850=CARTESIAN_POINT('',(1.775493573733E1,1.066015891111E1,-2.186580906940E-5));
#851=LINE('',#850,#849);
#852=CURVE_STYLE('',#49,POSITIVE_LENGTH_MEASURE(2.E-2),#256);
#853=PRESENTATION_STYLE_ASSIGNMENT((#852));
#854=STYLED_ITEM('',(#853),#851);
#855=CARTESIAN_POINT('',(1.8235E1,0.E0,0.E0));
#856=DIRECTION('',(-1.E0,0.E0,0.E0));
#857=DIRECTION('',(0.E0,1.E0,0.E0));
#858=AXIS2_PLACEMENT_3D('',#855,#856,#857);
#860=CURVE_STYLE('',#49,POSITIVE_LENGTH_MEASURE(2.E-2),#256);
#861=PRESENTATION_STYLE_ASSIGNMENT((#860));
#862=STYLED_ITEM('',(#861),#859);
#863=DIRECTION('',(-1.E0,0.E0,0.E0));
#864=VECTOR('',#863,1.6765E1);
#865=CARTESIAN_POINT('',(3.5E1,0.E0,1.114E1));
#866=LINE('',#865,#864);
#867=CURVE_STYLE('',#49,POSITIVE_LENGTH_MEASURE(2.E-2),#256);
#868=PRESENTATION_STYLE_ASSIGNMENT((#867));
#869=STYLED_ITEM('',(#868),#866);
#870=DIRECTION('',(-1.E0,0.E0,0.E0));
#871=VECTOR('',#870,1.6765E1);
#872=CARTESIAN_POINT('',(3.5E1,0.E0,-1.114E1));
#873=LINE('',#872,#871);
#874=CURVE_STYLE('',#49,POSITIVE_LENGTH_MEASURE(2.E-2),#256);
#875=PRESENTATION_STYLE_ASSIGNMENT((#874));
#876=STYLED_ITEM('',(#875),#873);
#877=CARTESIAN_POINT('',(3.5E1,0.E0,0.E0));
#878=DIRECTION('',(1.E0,0.E0,0.E0));
#879=DIRECTION('',(0.E0,0.E0,1.E0));
#880=AXIS2_PLACEMENT_3D('',#877,#878,#879);
#882=CURVE_STYLE('',#49,POSITIVE_LENGTH_MEASURE(2.E-2),#256);
#883=PRESENTATION_STYLE_ASSIGNMENT((#882));
#884=STYLED_ITEM('',(#883),#881);
#885=CARTESIAN_POINT('',(3.5E1,0.E0,0.E0));
#886=DIRECTION('',(1.E0,0.E0,0.E0));
#887=DIRECTION('',(0.E0,0.E0,-1.E0));
#888=AXIS2_PLACEMENT_3D('',#885,#886,#887);
#890=CURVE_STYLE('',#49,POSITIVE_LENGTH_MEASURE(2.E-2),#256);
#891=PRESENTATION_STYLE_ASSIGNMENT((#890));
#892=STYLED_ITEM('',(#891),#889);
#893=CARTESIAN_POINT('',(3.5E1,-2.065551937070E-14,0.E0));
#894=DIRECTION('',(1.E0,0.E0,0.E0));
#895=DIRECTION('',(0.E0,1.E0,0.E0));
#896=AXIS2_PLACEMENT_3D('',#893,#894,#895);
#898=CURVE_STYLE('',#49,POSITIVE_LENGTH_MEASURE(2.E-2),#256);
#899=PRESENTATION_STYLE_ASSIGNMENT((#898));
#900=STYLED_ITEM('',(#899),#897);
#901=CARTESIAN_POINT('',(3.5E1,-2.065551937070E-14,0.E0));
#902=DIRECTION('',(1.E0,0.E0,0.E0));
#903=DIRECTION('',(0.E0,-1.E0,0.E0));
#904=AXIS2_PLACEMENT_3D('',#901,#902,#903);
#906=CURVE_STYLE('',#49,POSITIVE_LENGTH_MEASURE(2.E-2),#256);
#907=PRESENTATION_STYLE_ASSIGNMENT((#906));
#908=STYLED_ITEM('',(#907),#905);
#909=DIRECTION('',(9.999999997745E-1,-2.034658751508E-5,-6.079219112843E-6));
#910=VECTOR('',#909,1.674003142079E1);
#911=CARTESIAN_POINT('',(1.825996858298E1,1.200534060251E1,1.017663189614E-4));
#912=LINE('',#911,#910);
#913=CURVE_STYLE('',#49,POSITIVE_LENGTH_MEASURE(2.E-2),#256);
#914=PRESENTATION_STYLE_ASSIGNMENT((#913));
#915=STYLED_ITEM('',(#914),#912);
#916=DIRECTION('',(9.999999993158E-1,-3.697044489121E-5,-1.281309270767E-6));
#917=VECTOR('',#916,1.674001571976E1);
#918=CARTESIAN_POINT('',(1.825998429170E1,-1.200438111417E1,2.144913733550E-5));
#919=LINE('',#918,#917);
#920=CURVE_STYLE('',#49,POSITIVE_LENGTH_MEASURE(2.E-2),#256);
#921=PRESENTATION_STYLE_ASSIGNMENT((#920));
#922=STYLED_ITEM('',(#921),#919);
#923=CARTESIAN_POINT('',(1.826E1,-2.065551937070E-14,0.E0));
#924=DIRECTION('',(1.E0,0.E0,0.E0));
#925=DIRECTION('',(0.E0,1.E0,0.E0));
#926=AXIS2_PLACEMENT_3D('',#923,#924,#925);
#928=CURVE_STYLE('',#49,POSITIVE_LENGTH_MEASURE(2.E-2),#256);
#929=PRESENTATION_STYLE_ASSIGNMENT((#928));
#930=STYLED_ITEM('',(#929),#927);
#931=CARTESIAN_POINT('',(1.825998429170E1,-1.200438111417E1,2.144913733550E-5));
#932=CARTESIAN_POINT('',(6.086650958363E0,-1.200438111417E1,2.405691518007E-4));
#933=CARTESIAN_POINT('',(-6.086650958363E0,-1.200438111417E1,
2.405691518006E-4));
#934=CARTESIAN_POINT('',(-1.825998429170E1,-1.200438111417E1,
2.144913733544E-5));
#936=CURVE_STYLE('',#49,POSITIVE_LENGTH_MEASURE(2.E-2),#256);
#937=PRESENTATION_STYLE_ASSIGNMENT((#936));
#938=STYLED_ITEM('',(#937),#935);
#939=CARTESIAN_POINT('',(-1.826E1,-2.065551937070E-14,0.E0));
#940=DIRECTION('',(-1.E0,0.E0,0.E0));
#941=DIRECTION('',(0.E0,-1.E0,0.E0));
#942=AXIS2_PLACEMENT_3D('',#939,#940,#941);
#944=CURVE_STYLE('',#49,POSITIVE_LENGTH_MEASURE(2.E-2),#256);
#945=PRESENTATION_STYLE_ASSIGNMENT((#944));
#946=STYLED_ITEM('',(#945),#943);
#947=CARTESIAN_POINT('',(-1.811997875229E1,1.200545859641E1,1.359044428239E-4));
#948=CARTESIAN_POINT('',(-1.816664573458E1,1.200545859641E1,1.357985700388E-4));
#949=CARTESIAN_POINT('',(-1.821330160070E1,1.200534060251E1,1.018730097549E-4));
#950=CARTESIAN_POINT('',(-1.825996858298E1,1.200534060251E1,1.017663189614E-4));
#952=CURVE_STYLE('',#49,POSITIVE_LENGTH_MEASURE(2.E-2),#256);
#953=PRESENTATION_STYLE_ASSIGNMENT((#952));
#954=STYLED_ITEM('',(#953),#951);
#955=CARTESIAN_POINT('',(-1.811997875229E1,1.200545859641E1,1.359044428239E-4));
#956=CARTESIAN_POINT('',(-1.811998274608E1,1.200548908025E1,8.789741146010E-1));
#957=CARTESIAN_POINT('',(-1.789242216327E1,1.181042036600E1,2.635665432521E0));
#958=CARTESIAN_POINT('',(-1.663229691145E1,1.074357733805E1,5.974459473311E0));
#959=CARTESIAN_POINT('',(-1.454110511418E1,9.032327751122E0,8.889305017884E0));
#960=CARTESIAN_POINT('',(-1.196965033360E1,7.138806680108E0,1.125616773810E1));
#961=CARTESIAN_POINT('',(-9.122335971431E0,5.192109491157E0,1.323169073099E1));
#962=CARTESIAN_POINT('',(-5.143176044038E0,2.776261922105E0,1.491811226388E1));
#963=CARTESIAN_POINT('',(-1.723302842418E0,9.327770399415E-1,1.536729991895E1));
#964=CARTESIAN_POINT('',(-2.037271872996E-2,1.348791974724E-2,
1.536950937933E1));
#966=CURVE_STYLE('',#49,POSITIVE_LENGTH_MEASURE(2.E-2),#256);
#967=PRESENTATION_STYLE_ASSIGNMENT((#966));
#968=STYLED_ITEM('',(#967),#965);
#969=CARTESIAN_POINT('',(-2.037271872996E-2,1.348791974724E-2,
1.536950937933E1));
#970=CARTESIAN_POINT('',(-1.393011760953E-2,8.464915843353E-3,
1.536951748093E1));
#971=CARTESIAN_POINT('',(-6.442606214325E-3,5.022977157496E-3,
1.536928275496E1));
#972=CARTESIAN_POINT('',(0.E0,-2.674638538425E-8,1.536928275496E1));
#974=CURVE_STYLE('',#49,POSITIVE_LENGTH_MEASURE(2.E-2),#256);
#975=PRESENTATION_STYLE_ASSIGNMENT((#974));
#976=STYLED_ITEM('',(#975),#973);
#977=CARTESIAN_POINT('',(0.E0,-2.674638538425E-8,1.536928275496E1));
#978=CARTESIAN_POINT('',(6.442553835610E-3,5.022916998292E-3,1.536928275496E1));
#979=CARTESIAN_POINT('',(1.403323045513E-2,8.310158424557E-3,1.536951781842E1));
#980=CARTESIAN_POINT('',(2.047577919698E-2,1.333310216923E-2,1.536950971696E1));
#982=CURVE_STYLE('',#49,POSITIVE_LENGTH_MEASURE(2.E-2),#256);
#983=PRESENTATION_STYLE_ASSIGNMENT((#982));
#984=STYLED_ITEM('',(#983),#981);
#985=CARTESIAN_POINT('',(2.047577919698E-2,1.333310216923E-2,1.536950971696E1));
#986=CARTESIAN_POINT('',(1.723194220938E0,9.324126614733E-1,1.536752568986E1));
#987=CARTESIAN_POINT('',(5.144377469404E0,2.777589914516E0,1.491674539277E1));
#988=CARTESIAN_POINT('',(9.918862787703E0,5.674284178544E0,1.289600507442E1));
#989=CARTESIAN_POINT('',(1.402581865039E1,8.608779703952E0,9.610910212043E0));
#990=CARTESIAN_POINT('',(1.663751732396E1,1.074839325749E1,5.966975800834E0));
#991=CARTESIAN_POINT('',(1.789131451504E1,1.180948530406E1,2.632767262309E0));
#992=CARTESIAN_POINT('',(1.812091965375E1,1.200591569287E1,8.777173386614E-1));
#993=CARTESIAN_POINT('',(1.812052176376E1,1.200561154114E1,3.877315466506E-5));
#995=CURVE_STYLE('',#49,POSITIVE_LENGTH_MEASURE(2.E-2),#256);
#996=PRESENTATION_STYLE_ASSIGNMENT((#995));
#997=STYLED_ITEM('',(#996),#994);
#998=CARTESIAN_POINT('',(1.825996858298E1,1.200534060251E1,1.017663189614E-4));
#999=CARTESIAN_POINT('',(1.821347827706E1,1.200534060251E1,1.018726058346E-4));
#1000=CARTESIAN_POINT('',(1.816701206968E1,1.200561154114E1,3.866767961817E-5));
#1001=CARTESIAN_POINT('',(1.812052176376E1,1.200561154114E1,3.877315466506E-5));
#1003=CURVE_STYLE('',#49,POSITIVE_LENGTH_MEASURE(2.E-2),#256);
#1004=PRESENTATION_STYLE_ASSIGNMENT((#1003));
#1005=STYLED_ITEM('',(#1004),#1002);
#1006=CARTESIAN_POINT('',(-1.536998743575E1,1.475499552082E1,
2.424410075907E-10));
#1007=CARTESIAN_POINT('',(-1.536998743575E1,1.475562652503E1,
-5.076104340633E-1));
#1008=CARTESIAN_POINT('',(-1.531908333680E1,1.468068116535E1,
-1.537910266424E0));
#1009=CARTESIAN_POINT('',(-1.508490516233E1,1.435042108994E1,
-3.088473537422E0));
#1010=CARTESIAN_POINT('',(-1.466814179948E1,1.376997877324E1,
-4.698228677514E0));
#1011=CARTESIAN_POINT('',(-1.402663492944E1,1.292542195045E1,
-6.375980833064E0));
#1012=CARTESIAN_POINT('',(-1.311655628281E1,1.179630825592E1,
-8.096524473578E0));
#1013=CARTESIAN_POINT('',(-1.190106300489E1,1.039340251758E1,
-9.806648107787E0));
#1014=CARTESIAN_POINT('',(-1.035872217478E1,8.772821744035E0,
-1.143255301016E1));
#1015=CARTESIAN_POINT('',(-8.494336886260E0,6.976804228298E0,
-1.288494787244E1));
#1016=CARTESIAN_POINT('',(-6.341604421259E0,5.075930204664E0,
-1.407505483096E1));
#1017=CARTESIAN_POINT('',(-3.953099601140E0,3.102640652334E0,
-1.492571695448E1));
#1018=CARTESIAN_POINT('',(-2.274103650271E0,1.779172753698E0,
-1.522472425714E1));
#1019=CARTESIAN_POINT('',(-1.421968876304E0,1.111411527354E0,
-1.530393377067E1));
#1021=CURVE_STYLE('',#49,POSITIVE_LENGTH_MEASURE(2.E-2),#256);
#1022=PRESENTATION_STYLE_ASSIGNMENT((#1021));
#1023=STYLED_ITEM('',(#1022),#1020);
#1024=CARTESIAN_POINT('',(1.8235E1,0.E0,0.E0));
#1025=DIRECTION('',(-1.E0,0.E0,0.E0));
#1026=DIRECTION('',(0.E0,-1.E0,0.E0));
#1027=AXIS2_PLACEMENT_3D('',#1024,#1025,#1026);
#1029=CURVE_STYLE('',#49,POSITIVE_LENGTH_MEASURE(2.E-2),#256);
#1030=PRESENTATION_STYLE_ASSIGNMENT((#1029));
#1031=STYLED_ITEM('',(#1030),#1028);
#1032=CARTESIAN_POINT('',(1.8235E1,0.E0,0.E0));
#1033=DIRECTION('',(-1.E0,0.E0,0.E0));
#1034=DIRECTION('',(0.E0,0.E0,1.E0));
#1035=AXIS2_PLACEMENT_3D('',#1032,#1033,#1034);
#1037=CURVE_STYLE('',#49,POSITIVE_LENGTH_MEASURE(2.E-2),#256);
#1038=PRESENTATION_STYLE_ASSIGNMENT((#1037));
#1039=STYLED_ITEM('',(#1038),#1036);
#1040=CARTESIAN_POINT('',(1.775493573733E1,1.066015891111E1,
-2.186580906940E-5));
#1041=CARTESIAN_POINT('',(1.775494276751E1,1.066016594129E1,6.366482733798E-1));
#1042=CARTESIAN_POINT('',(1.775826954238E1,1.054961094869E1,1.907399580512E0));
#1043=CARTESIAN_POINT('',(1.777716083385E1,1.005665044996E1,3.765697800234E0));
#1044=CARTESIAN_POINT('',(1.780187045201E1,9.262621589361E0,5.479584177562E0));
#1045=CARTESIAN_POINT('',(1.782694059479E1,8.180554455710E0,7.030674896020E0));
#1046=CARTESIAN_POINT('',(1.785382482283E1,6.865114566744E0,8.352446423344E0));
#1047=CARTESIAN_POINT('',(1.787245774060E1,5.347637498359E0,9.418826858215E0));
#1048=CARTESIAN_POINT('',(1.788783380253E1,3.650282311404E0,1.021385698434E1));
#1049=CARTESIAN_POINT('',(1.789822478703E1,1.852003326127E0,1.069746180699E1));
#1050=CARTESIAN_POINT('',(1.790084769345E1,-1.094132886904E-2,
1.085940680529E1));
#1051=CARTESIAN_POINT('',(1.790037882820E1,-1.862388989266E0,1.069688274604E1));
#1052=CARTESIAN_POINT('',(1.788904678650E1,-3.647342792292E0,1.021565733724E1));
#1053=CARTESIAN_POINT('',(1.787095887970E1,-5.347196486570E0,9.418701345467E0));
#1054=CARTESIAN_POINT('',(1.785284340376E1,-6.884758807625E0,8.336041753659E0));
#1055=CARTESIAN_POINT('',(1.783071230313E1,-8.192131578119E0,7.020388873297E0));
#1056=CARTESIAN_POINT('',(1.780047032998E1,-9.260572985332E0,5.482143930184E0));
#1057=CARTESIAN_POINT('',(1.777587187721E1,-1.006585623291E1,3.738334302300E0));
#1058=CARTESIAN_POINT('',(1.776242427562E1,-1.055281369447E1,1.905577626165E0));
#1059=CARTESIAN_POINT('',(1.775590057621E1,-1.066072822938E1,
6.357786384485E-1));
#1060=CARTESIAN_POINT('',(1.775468885834E1,-1.065951651151E1,
1.943665120008E-4));
#1062=CURVE_STYLE('',#49,POSITIVE_LENGTH_MEASURE(2.E-2),#256);
#1063=PRESENTATION_STYLE_ASSIGNMENT((#1062));
#1064=STYLED_ITEM('',(#1063),#1061);
#1065=CARTESIAN_POINT('',(-1.286012334497E0,5.155482537674E0,
-1.355416856218E1));
#1066=CARTESIAN_POINT('',(-2.192528755037E-1,5.014224186990E0,
-1.365415695173E1));
#1067=CARTESIAN_POINT('',(1.979460952005E0,5.095841996179E0,-1.360161107355E1));
#1068=CARTESIAN_POINT('',(6.012071059055E0,6.597168531423E0,-1.250688313367E1));
#1069=CARTESIAN_POINT('',(9.561482428308E0,9.059866988693E0,-1.009273114625E1));
#1070=CARTESIAN_POINT('',(1.168821902829E1,1.107588205433E1,-7.152234686930E0));
#1071=CARTESIAN_POINT('',(1.240973804358E1,1.184261351983E1,-5.611902569014E0));
#1072=CARTESIAN_POINT('',(1.254821204153E1,1.199290353577E1,-5.282774978543E0));
#1074=CURVE_STYLE('',#49,POSITIVE_LENGTH_MEASURE(2.E-2),#256);
#1075=PRESENTATION_STYLE_ASSIGNMENT((#1074));
#1076=STYLED_ITEM('',(#1075),#1073);
#1077=CARTESIAN_POINT('',(-1.254733687493E1,1.199288668887E1,
-5.284661803262E0));
#1078=CARTESIAN_POINT('',(-1.219745397437E1,1.161377061942E1,
-6.114061606834E0));
#1079=CARTESIAN_POINT('',(-1.080524569442E1,1.017424999833E1,
-8.666207365259E0));
#1080=CARTESIAN_POINT('',(-8.051266673325E0,7.903254739207E0,
-1.127760756204E1));
#1081=CARTESIAN_POINT('',(-4.421074588068E0,5.943354331979E0,
-1.300167990200E1));
#1082=CARTESIAN_POINT('',(-2.352773933247E0,5.296740307747E0,
-1.345417974988E1));
#1083=CARTESIAN_POINT('',(-1.286012334497E0,5.155482537674E0,
-1.355416856218E1));
#1085=CURVE_STYLE('',#49,POSITIVE_LENGTH_MEASURE(2.E-2),#256);
#1086=PRESENTATION_STYLE_ASSIGNMENT((#1085));
#1087=STYLED_ITEM('',(#1086),#1084);
#1088=CARTESIAN_POINT('',(1.254821204153E1,1.199290353577E1,-5.282774978543E0));
#1089=CARTESIAN_POINT('',(1.259225011624E1,1.199290353577E1,-5.178103196022E0));
#1090=CARTESIAN_POINT('',(1.267839299950E1,1.199289143014E1,-4.971587817302E0));
#1091=CARTESIAN_POINT('',(1.280679874891E1,1.199288400372E1,-4.661249426529E0));
#1092=CARTESIAN_POINT('',(1.288878988766E1,1.199291591313E1,-4.456798313059E0));
#1093=CARTESIAN_POINT('',(1.292929441439E1,1.199291591313E1,-4.355010025507E0));
#1095=CURVE_STYLE('',#49,POSITIVE_LENGTH_MEASURE(2.E-2),#256);
#1096=PRESENTATION_STYLE_ASSIGNMENT((#1095));
#1097=STYLED_ITEM('',(#1096),#1094);
#1098=CARTESIAN_POINT('',(0.E0,1.199289321881E1,0.E0));
#1099=DIRECTION('',(0.E0,-1.E0,0.E0));
#1100=DIRECTION('',(-9.216445300515E-1,0.E0,-3.880352564217E-1));
#1101=AXIS2_PLACEMENT_3D('',#1098,#1099,#1100);
#1103=CURVE_STYLE('',#49,POSITIVE_LENGTH_MEASURE(2.E-2),#256);
#1104=PRESENTATION_STYLE_ASSIGNMENT((#1103));
#1105=STYLED_ITEM('',(#1104),#1102);
#1106=CARTESIAN_POINT('',(-1.292922895289E1,1.199290549105E1,
-4.354983970736E0));
#1107=CARTESIAN_POINT('',(-1.288852515728E1,1.199290549105E1,
-4.457291716228E0));
#1108=CARTESIAN_POINT('',(-1.280594583789E1,1.199288662111E1,
-4.662691812483E0));
#1109=CARTESIAN_POINT('',(-1.267789884029E1,1.199289790242E1,
-4.972157964183E0));
#1110=CARTESIAN_POINT('',(-1.259085723152E1,1.199288668887E1,
-5.181268898810E0));
#1111=CARTESIAN_POINT('',(-1.254733687493E1,1.199288668887E1,
-5.284661803262E0));
#1113=CURVE_STYLE('',#49,POSITIVE_LENGTH_MEASURE(2.E-2),#256);
#1114=PRESENTATION_STYLE_ASSIGNMENT((#1113));
#1115=STYLED_ITEM('',(#1114),#1112);
#1116=CARTESIAN_POINT('',(0.E0,1.199289321881E1,0.E0));
#1117=DIRECTION('',(0.E0,1.E0,0.E0));
#1118=DIRECTION('',(9.476838911320E-1,0.E0,-3.192103420771E-1));
#1119=AXIS2_PLACEMENT_3D('',#1116,#1117,#1118);
#1121=CURVE_STYLE('',#49,POSITIVE_LENGTH_MEASURE(2.E-2),#256);
#1122=PRESENTATION_STYLE_ASSIGNMENT((#1121));
#1123=STYLED_ITEM('',(#1122),#1120);
#1124=CARTESIAN_POINT('',(1.254779147218E1,1.199289321881E1,5.284047139338E0));
#1125=CARTESIAN_POINT('',(-1.254786188681E1,1.199289321881E1,5.283879925734E0));
#1126=VERTEX_POINT('',#1124);
#1127=VERTEX_POINT('',#1125);
#1128=CARTESIAN_POINT('',(-1.254819027665E1,1.199289321881E1,
-5.283100016181E0));
#1129=CARTESIAN_POINT('',(1.254776766468E1,1.199289321881E1,-5.284103673590E0));
#1130=VERTEX_POINT('',#1128);
#1131=VERTEX_POINT('',#1129);
#1132=VERTEX_POINT('',#650);
#1133=VERTEX_POINT('',#654);
#1134=VERTEX_POINT('',#659);
#1135=VERTEX_POINT('',#663);
#1136=VERTEX_POINT('',#719);
#1137=VERTEX_POINT('',#1106);
#1138=VERTEX_POINT('',#696);
#1139=VERTEX_POINT('',#1093);
#1140=VERTEX_POINT('',#266);
#1141=VERTEX_POINT('',#269);
#1142=VERTEX_POINT('',#258);
#1143=VERTEX_POINT('',#261);
#1144=VERTEX_POINT('',#300);
#1145=VERTEX_POINT('',#303);
#1146=CARTESIAN_POINT('',(1.384186811528E1,1.219093881464E1,
-1.349860119824E-7));
#1147=CARTESIAN_POINT('',(1.435E1,1.27E1,0.E0));
#1148=VERTEX_POINT('',#1146);
#1149=VERTEX_POINT('',#1147);
#1150=CARTESIAN_POINT('',(-1.383994985068E1,1.218897839142E1,
2.412776963674E-7));
#1151=CARTESIAN_POINT('',(-1.435E1,1.27E1,0.E0));
#1152=VERTEX_POINT('',#1150);
#1153=VERTEX_POINT('',#1151);
#1154=VERTEX_POINT('',#947);
#1155=VERTEX_POINT('',#950);
#1156=VERTEX_POINT('',#931);
#1157=VERTEX_POINT('',#934);
#1158=VERTEX_POINT('',#998);
#1159=VERTEX_POINT('',#1001);
#1160=VERTEX_POINT('',#452);
#1161=VERTEX_POINT('',#465);
#1162=VERTEX_POINT('',#964);
#1163=VERTEX_POINT('',#985);
#1164=VERTEX_POINT('',#1006);
#1165=VERTEX_POINT('',#1019);
#1166=VERTEX_POINT('',#544);
#1167=VERTEX_POINT('',#977);
#1168=CARTESIAN_POINT('',(3.5E1,1.2005E1,0.E0));
#1169=CARTESIAN_POINT('',(3.5E1,-1.2005E1,0.E0));
#1170=VERTEX_POINT('',#1168);
#1171=VERTEX_POINT('',#1169);
#1172=CARTESIAN_POINT('',(-3.5E1,1.2005E1,0.E0));
#1173=CARTESIAN_POINT('',(-3.5E1,-1.2005E1,0.E0));
#1174=VERTEX_POINT('',#1172);
#1175=VERTEX_POINT('',#1173);
#1176=CARTESIAN_POINT('',(-3.5E1,0.E0,1.114E1));
#1177=CARTESIAN_POINT('',(-3.5E1,0.E0,-1.114E1));
#1178=VERTEX_POINT('',#1176);
#1179=VERTEX_POINT('',#1177);
#1180=CARTESIAN_POINT('',(-1.8235E1,0.E0,-1.114E1));
#1181=CARTESIAN_POINT('',(-1.8235E1,-1.114E1,0.E0));
#1182=VERTEX_POINT('',#1180);
#1183=VERTEX_POINT('',#1181);
#1184=CARTESIAN_POINT('',(-1.8235E1,1.114E1,0.E0));
#1185=VERTEX_POINT('',#1184);
#1186=CARTESIAN_POINT('',(-1.8235E1,0.E0,1.114E1));
#1187=VERTEX_POINT('',#1186);
#1188=CARTESIAN_POINT('',(3.5E1,0.E0,1.114E1));
#1189=CARTESIAN_POINT('',(3.5E1,0.E0,-1.114E1));
#1190=VERTEX_POINT('',#1188);
#1191=VERTEX_POINT('',#1189);
#1192=CARTESIAN_POINT('',(1.8235E1,0.E0,1.114E1));
#1193=VERTEX_POINT('',#1192);
#1194=CARTESIAN_POINT('',(1.8235E1,0.E0,-1.114E1));
#1195=VERTEX_POINT('',#1194);
#1196=CARTESIAN_POINT('',(1.8235E1,-1.114E1,0.E0));
#1197=VERTEX_POINT('',#1196);
#1198=CARTESIAN_POINT('',(1.8235E1,1.114E1,0.E0));
#1199=VERTEX_POINT('',#1198);
#1200=CARTESIAN_POINT('',(-1.537E1,3.85E1,0.E0));
#1201=CARTESIAN_POINT('',(1.537E1,3.85E1,0.E0));
#1202=VERTEX_POINT('',#1200);
#1203=VERTEX_POINT('',#1201);
#1204=CARTESIAN_POINT('',(-1.435E1,3.85E1,0.E0));
#1205=CARTESIAN_POINT('',(1.435E1,3.85E1,0.E0));
#1206=VERTEX_POINT('',#1204);
#1207=VERTEX_POINT('',#1205);
#1208=CARTESIAN_POINT('',(-8.493939984010E-1,5.164319358674E0,
-1.358856330591E1));
#1209=CARTESIAN_POINT('',(-9.933065462854E-1,5.176903331909E0,
-1.357976800766E1));
#1210=CARTESIAN_POINT('',(-2.202687478752E0,5.310729770923E0,
-1.348662880281E1));
#1211=CARTESIAN_POINT('',(-4.399439254451E0,6.007770675708E0,
-1.300905342755E1));
#1212=CARTESIAN_POINT('',(-8.017645033691E0,7.989613610205E0,
-1.130047817916E1));
#1213=CARTESIAN_POINT('',(-1.156033181132E1,1.094349483276E1,
-7.970852431229E0));
#1214=CARTESIAN_POINT('',(-1.357200074829E1,1.333103236723E1,
-3.134371268164E0));
#1215=CARTESIAN_POINT('',(-1.369378151127E1,1.349441763702E1,1.339473566424E0));
#1216=CARTESIAN_POINT('',(-1.290637028284E1,1.251922504185E1,4.844225743406E0));
#1217=CARTESIAN_POINT('',(-1.053613759799E1,1.000742067104E1,9.286711600394E0));
#1218=CARTESIAN_POINT('',(-6.399343579920E0,6.709884146877E0,1.253643349470E1));
#1219=CARTESIAN_POINT('',(-1.602201689613E0,5.059944883509E0,1.365921488023E1));
#1220=CARTESIAN_POINT('',(7.166663504486E-1,5.118459060234E0,1.362013091353E1));
#1221=CARTESIAN_POINT('',(1.565334081920E0,5.255272615865E0,1.352607927588E1));
#1222=CARTESIAN_POINT('',(1.707239640232E0,5.281258484393E0,1.350809570313E1));
#1223=CARTESIAN_POINT('',(-8.676731699828E-1,4.917172093395E0,
-1.358200825928E1));
#1224=CARTESIAN_POINT('',(-1.014707868528E0,4.929185996246E0,
-1.357277611432E1));
#1225=CARTESIAN_POINT('',(-2.250300013812E0,5.057005261246E0,
-1.347495738159E1));
#1226=CARTESIAN_POINT('',(-4.493781122680E0,5.723735756793E0,
-1.297240078234E1));
#1227=CARTESIAN_POINT('',(-8.161012921674E0,7.608749171559E0,
-1.119375392666E1));
#1228=CARTESIAN_POINT('',(-1.171207663888E1,1.042864560577E1,
-7.713218461819E0));
#1229=CARTESIAN_POINT('',(-1.352888803320E1,1.256074281184E1,
-2.905360804426E0));
#1230=CARTESIAN_POINT('',(-1.361819707168E1,1.268783070460E1,1.238777974687E0));
#1231=CARTESIAN_POINT('',(-1.294169981399E1,1.184785962276E1,4.590045212123E0));
#1232=CARTESIAN_POINT('',(-1.069858862510E1,9.540391843591E0,9.074623518531E0));
#1233=CARTESIAN_POINT('',(-6.534538478078E0,6.391250932208E0,1.248358087789E1));
#1234=CARTESIAN_POINT('',(-1.637397778644E0,4.817966330590E0,1.365478305048E1));
#1235=CARTESIAN_POINT('',(7.323703345379E-1,4.873600021415E0,1.361482161915E1));
#1236=CARTESIAN_POINT('',(1.599157517551E0,5.004122753675E0,1.351636323170E1));
#1237=CARTESIAN_POINT('',(1.744073765080E0,5.028915707913E0,1.349752935555E1));
#1238=CARTESIAN_POINT('',(-9.044190287781E-1,4.478756602735E0,
-1.363582153032E1));
#1239=CARTESIAN_POINT('',(-1.057701318454E0,4.489751638083E0,
-1.362622017531E1));
#1240=CARTESIAN_POINT('',(-2.345867786125E0,4.606821535302E0,
-1.352443206689E1));
#1241=CARTESIAN_POINT('',(-4.686461269393E0,5.219094678945E0,
-1.300044811878E1));
#1242=CARTESIAN_POINT('',(-8.518695255699E0,6.930388834230E0,
-1.115776594633E1));
#1243=CARTESIAN_POINT('',(-1.225624858112E1,9.504129627026E0,
-7.508983652698E0));
#1244=CARTESIAN_POINT('',(-1.415256524693E1,1.117158547239E1,
-2.679423595737E0));
#1245=CARTESIAN_POINT('',(-1.423862928745E1,1.123429122039E1,1.138801704139E0));
#1246=CARTESIAN_POINT('',(-1.354472925291E1,1.063825761246E1,4.355512790608E0));
#1247=CARTESIAN_POINT('',(-1.118605660481E1,8.704712761822E0,8.927702800383E0));
#1248=CARTESIAN_POINT('',(-6.813139354315E0,5.824934094398E0,1.250124787310E1));
#1249=CARTESIAN_POINT('',(-1.706850403872E0,4.388776850554E0,1.370979643518E1));
#1250=CARTESIAN_POINT('',(7.633815404325E-1,4.439262974830E0,1.366958517831E1));
#1251=CARTESIAN_POINT('',(1.667113890882E0,4.558524392783E0,1.356750943531E1));
#1252=CARTESIAN_POINT('',(1.818215515971E0,4.581181513757E0,1.354797071245E1));
#1253=CARTESIAN_POINT('',(-9.460411773885E-1,4.072171225808E0,
-1.380069226285E1));
#1254=CARTESIAN_POINT('',(-1.106375824371E0,4.082412186037E0,
-1.379144119600E1));
#1255=CARTESIAN_POINT('',(-2.453983261456E0,4.191387070207E0,
-1.369337304328E1));
#1256=CARTESIAN_POINT('',(-4.907018254293E0,4.760088528753E0,
-1.318872925751E1));
#1257=CARTESIAN_POINT('',(-8.989810615069E0,6.386692663550E0,
-1.139098563944E1));
#1258=CARTESIAN_POINT('',(-1.309222397898E1,8.862029012670E0,
-7.804550705570E0));
#1259=CARTESIAN_POINT('',(-1.553704884962E1,1.066337875385E1,
-2.912540610622E0));
#1260=CARTESIAN_POINT('',(-1.568526849964E1,1.076236090198E1,1.242130204545E0));
#1261=CARTESIAN_POINT('',(-1.472688184848E1,1.006713905327E1,4.620406737607E0));
#1262=CARTESIAN_POINT('',(-1.188841672557E1,8.084233264182E0,9.208882748306E0));
#1263=CARTESIAN_POINT('',(-7.135801037309E0,5.324312692164E0,1.270759236708E1));
#1264=CARTESIAN_POINT('',(-1.783938560250E0,3.988480362356E0,1.387190240270E1));
#1265=CARTESIAN_POINT('',(7.979331260808E-1,4.035181862142E0,1.383343502688E1));
#1266=CARTESIAN_POINT('',(1.743963362882E0,4.146274554810E0,1.373491521475E1));
#1267=CARTESIAN_POINT('',(1.902191980291E0,4.167390745679E0,1.371605050462E1));
#1268=CARTESIAN_POINT('',(-9.644784851089E-1,3.906098039921E0,
-1.389140310463E1));
#1269=CARTESIAN_POINT('',(-1.127950311067E0,3.916104935169E0,
-1.388242181024E1));
#1270=CARTESIAN_POINT('',(-2.502029138743E0,4.022524300513E0,
-1.378722837345E1));
#1271=CARTESIAN_POINT('',(-5.005766366587E0,4.576702171316E0,
-1.329769328489E1));
#1272=CARTESIAN_POINT('',(-9.200936726360E0,6.191536146047E0,
-1.153639154659E1));
#1273=CARTESIAN_POINT('',(-1.347280923611E1,8.675395661818E0,
-8.009625614372E0));
#1274=CARTESIAN_POINT('',(-1.613326015649E1,1.066780493202E1,
-3.073927549795E0));
#1275=CARTESIAN_POINT('',(-1.630238092286E1,1.080002916267E1,1.313314654219E0));
#1276=CARTESIAN_POINT('',(-1.524584544515E1,9.993693154607E0,4.805166846639E0));
#1277=CARTESIAN_POINT('',(-1.220811820312E1,7.884389253695E0,9.398688751572E0));
#1278=CARTESIAN_POINT('',(-7.279446159265E0,5.128012785351E0,1.282919078626E1));
#1279=CARTESIAN_POINT('',(-1.818177215434E0,3.824402979271E0,1.396076044818E1));
#1280=CARTESIAN_POINT('',(8.132596821501E-1,3.869790931755E0,1.392336225161E1));
#1281=CARTESIAN_POINT('',(1.778122597987E0,3.978328020111E0,1.382758182753E1));
#1282=CARTESIAN_POINT('',(1.939526568843E0,3.998966749373E0,1.380923912486E1));
#1283=B_SPLINE_SURFACE_WITH_KNOTS('',3,3,((#1208,#1209,#1210,#1211,#1212,#1213,
#1214,#1215,#1216,#1217,#1218,#1219,#1220,#1221,#1222),(#1223,#1224,#1225,#1226,
#1227,#1228,#1229,#1230,#1231,#1232,#1233,#1234,#1235,#1236,#1237),(#1238,#1239,
#1240,#1241,#1242,#1243,#1244,#1245,#1246,#1247,#1248,#1249,#1250,#1251,#1252),(
#1253,#1254,#1255,#1256,#1257,#1258,#1259,#1260,#1261,#1262,#1263,#1264,#1265,
#1266,#1267),(#1268,#1269,#1270,#1271,#1272,#1273,#1274,#1275,#1276,#1277,#1278,
#1279,#1280,#1281,#1282)),.UNSPECIFIED.,.F.,.F.,.F.,(4,1,4),(4,1,1,1,1,1,1,1,1,
1,1,1,4),(-4.669483256492E-2,5.714285714286E-1,1.046297544811E0),(
5.321957198577E0,5.373567161064E0,5.756868926264E0,6.140170691463E0,
6.906774221862E0,7.673377752260E0,8.056679517460E0,8.439981282659E0,
8.951050302925E0,9.973188343456E0,1.048425736372E1,1.073979187386E1,
1.079140183634E1),.UNSPECIFIED.);
#1285=ORIENTED_EDGE('',*,*,#1284,.F.);
#1287=ORIENTED_EDGE('',*,*,#1286,.F.);
#1289=ORIENTED_EDGE('',*,*,#1288,.T.);
#1291=ORIENTED_EDGE('',*,*,#1290,.T.);
#1293=ORIENTED_EDGE('',*,*,#1292,.T.);
#1295=ORIENTED_EDGE('',*,*,#1294,.T.);
#1297=ORIENTED_EDGE('',*,*,#1296,.T.);
#1299=ORIENTED_EDGE('',*,*,#1298,.T.);
#1301=ORIENTED_EDGE('',*,*,#1300,.T.);
#1303=ORIENTED_EDGE('',*,*,#1302,.F.);
#1304=EDGE_LOOP('',(#1285,#1287,#1289,#1291,#1293,#1295,#1297,#1299,#1301,
#1303));
#1305=FACE_OUTER_BOUND('',#1304,.F.);
#1306=ADVANCED_FACE('',(#1305),#1283,.F.);
#1307=CARTESIAN_POINT('',(-1.823772565640E1,-1.061845659157E1,
-6.637546503030E-1));
#1308=CARTESIAN_POINT('',(-6.078894662699E0,-1.110294007697E1,
-1.014291790478E0));
#1309=CARTESIAN_POINT('',(6.079936331002E0,-1.110292624234E1,
-1.014281768712E0));
#1310=CARTESIAN_POINT('',(1.823876732470E1,-1.061841508507E1,
-6.637246076266E-1));
#1311=CARTESIAN_POINT('',(-1.823772565640E1,-1.066644837556E1,
8.738822093995E-2));
#1312=CARTESIAN_POINT('',(-6.078894662699E0,-1.115312160485E1,
1.336618302105E-1));
#1313=CARTESIAN_POINT('',(6.079936331002E0,-1.115310770769E1,
1.336605191198E-1));
#1314=CARTESIAN_POINT('',(1.823876732470E1,-1.066640668146E1,
8.738426649188E-2));
#1315=CARTESIAN_POINT('',(-1.823772565640E1,-1.059274735046E1,
1.910093847660E0));
#1316=CARTESIAN_POINT('',(-6.078894662699E0,-1.107605153757E1,
2.919204378715E0));
#1317=CARTESIAN_POINT('',(6.079936331002E0,-1.107603773600E1,2.919175563861E0));
#1318=CARTESIAN_POINT('',(1.823876732470E1,-1.059270594440E1,1.910007396192E0));
#1319=CARTESIAN_POINT('',(-1.823772565640E1,-9.727888603428E0,
4.688796426736E0));
#1320=CARTESIAN_POINT('',(-6.078894662699E0,-1.017167447708E1,
7.165395829416E0));
#1321=CARTESIAN_POINT('',(6.079936331002E0,-1.017166179832E1,7.165325061488E0));
#1322=CARTESIAN_POINT('',(1.823876732470E1,-9.727850577525E0,4.688584206567E0));
#1323=CARTESIAN_POINT('',(-1.823772565640E1,-7.318699623371E0,
8.247556483521E0));
#1324=CARTESIAN_POINT('',(-6.078894662699E0,-7.652658054327E0,
1.260488294013E1));
#1325=CARTESIAN_POINT('',(6.079936331002E0,-7.652648521079E0,1.260475852839E1));
#1326=CARTESIAN_POINT('',(1.823876732470E1,-7.318671015562E0,8.247183197219E0));
#1327=CARTESIAN_POINT('',(-1.823772565640E1,-2.996064860847E0,
1.074399005308E1));
#1328=CARTESIAN_POINT('',(-6.078894662699E0,-3.132750533113E0,
1.641980890989E1));
#1329=CARTESIAN_POINT('',(6.079936331002E0,-3.132746628586E0,1.641964681193E1));
#1330=CARTESIAN_POINT('',(1.823876732470E1,-2.996053149402E0,1.074350377459E1));
#1331=CARTESIAN_POINT('',(-1.823772565640E1,2.449881164780E0,1.073569599895E1));
#1332=CARTESIAN_POINT('',(-6.078894662699E0,2.561666530234E0,1.640723866548E1));
#1333=CARTESIAN_POINT('',(6.079936331002E0,2.561663338719E0,1.640707669982E1));
#1334=CARTESIAN_POINT('',(1.823876732470E1,2.449871588485E0,1.073521009662E1));
#1335=CARTESIAN_POINT('',(-1.823772565640E1,6.860471307576E0,8.612540485474E0));
#1336=CARTESIAN_POINT('',(-6.078894662699E0,7.173487890065E0,1.316259491777E1));
#1337=CARTESIAN_POINT('',(6.079936331002E0,7.173478951449E0,1.316246499361E1));
#1338=CARTESIAN_POINT('',(1.823876732470E1,6.860444490644E0,8.612150679190E0));
#1339=CARTESIAN_POINT('',(-1.823772565640E1,9.915185535652E0,4.778707148622E0));
#1340=CARTESIAN_POINT('',(-6.078894662699E0,1.036758296319E1,7.303018722779E0));
#1341=CARTESIAN_POINT('',(6.079936331002E0,1.036757004496E1,7.302946612908E0));
#1342=CARTESIAN_POINT('',(1.823876732470E1,9.915146778183E0,4.778490860606E0));
#1343=CARTESIAN_POINT('',(-1.823772565640E1,1.069188749512E1,1.371445035833E0));
#1344=CARTESIAN_POINT('',(-6.078894662699E0,1.117969914509E1,2.095991652794E0));
#1345=CARTESIAN_POINT('',(6.079936331002E0,1.117968521325E1,2.095970964206E0));
#1346=CARTESIAN_POINT('',(1.823876732470E1,1.069184570139E1,1.371382963832E0));
#1347=CARTESIAN_POINT('',(-1.823772565640E1,1.063435213501E1,
-4.430605389422E-1));
#1348=CARTESIAN_POINT('',(-6.078894662699E0,1.111954041690E1,
-6.770576255842E-1));
#1349=CARTESIAN_POINT('',(6.079936331002E0,1.111952656014E1,
-6.770509367565E-1));
#1350=CARTESIAN_POINT('',(1.823876732470E1,1.063431056620E1,
-4.430404853426E-1));
#1351=CARTESIAN_POINT('',(-1.823772565640E1,1.062040338830E1,
-6.641469592518E-1));
#1352=CARTESIAN_POINT('',(-6.078894662699E0,1.110495560983E1,
-1.014937725383E0));
#1353=CARTESIAN_POINT('',(6.079936331002E0,1.110494177127E1,-1.014927700852E0));
#1354=CARTESIAN_POINT('',(1.823876732470E1,1.062036187402E1,
-6.641168991567E-1));
#1355=B_SPLINE_SURFACE_WITH_KNOTS('',3,3,((#1307,#1308,#1309,#1310),(#1311,
#1312,#1313,#1314),(#1315,#1316,#1317,#1318),(#1319,#1320,#1321,#1322),(#1323,
#1324,#1325,#1326),(#1327,#1328,#1329,#1330),(#1331,#1332,#1333,#1334),(#1335,
#1336,#1337,#1338),(#1339,#1340,#1341,#1342),(#1343,#1344,#1345,#1346),(#1347,
#1348,#1349,#1350),(#1351,#1352,#1353,#1354)),.UNSPECIFIED.,.F.,.F.,.F.,(4,1,1,
1,1,1,1,1,1,4),(4,4),(4.900677443732E-1,5.238095238095E-1,5.714285714286E-1,
6.190476190476E-1,7.142857142857E-1,7.857142857143E-1,8.571428571429E-1,
9.285714285714E-1,1.E0,1.009932255627E0),(6.099217853304E-4,9.994186014431E-1),
.UNSPECIFIED.);
#1357=ORIENTED_EDGE('',*,*,#1356,.F.);
#1359=ORIENTED_EDGE('',*,*,#1358,.T.);
#1361=ORIENTED_EDGE('',*,*,#1360,.F.);
#1363=ORIENTED_EDGE('',*,*,#1362,.F.);
#1365=ORIENTED_EDGE('',*,*,#1364,.T.);
#1366=ORIENTED_EDGE('',*,*,#1284,.T.);
#1368=ORIENTED_EDGE('',*,*,#1367,.F.);
#1369=EDGE_LOOP('',(#1357,#1359,#1361,#1363,#1365,#1366,#1368));
#1370=FACE_OUTER_BOUND('',#1369,.F.);
#1371=ADVANCED_FACE('',(#1370),#1355,.T.);
#1372=CARTESIAN_POINT('',(-1.799469636899E1,0.E0,0.E0));
#1373=DIRECTION('',(-1.E0,0.E0,0.E0));
#1374=DIRECTION('',(0.E0,1.E0,0.E0));
#1375=AXIS2_PLACEMENT_3D('',#1372,#1373,#1374);
#1376=CONICAL_SURFACE('',#1375,1.089969636899E1,4.5E1);
#1378=ORIENTED_EDGE('',*,*,#1377,.F.);
#1380=ORIENTED_EDGE('',*,*,#1379,.F.);
#1381=ORIENTED_EDGE('',*,*,#1356,.T.);
#1383=ORIENTED_EDGE('',*,*,#1382,.T.);
#1385=ORIENTED_EDGE('',*,*,#1384,.F.);
#1386=EDGE_LOOP('',(#1378,#1380,#1381,#1383,#1385));
#1387=FACE_OUTER_BOUND('',#1386,.F.);
#1388=ADVANCED_FACE('',(#1387),#1376,.F.);
#1389=CARTESIAN_POINT('',(-3.5E1,0.E0,0.E0));
#1390=DIRECTION('',(-1.E0,0.E0,0.E0));
#1391=DIRECTION('',(0.E0,0.E0,1.E0));
#1392=AXIS2_PLACEMENT_3D('',#1389,#1390,#1391);
#1393=CYLINDRICAL_SURFACE('',#1392,1.114E1);
#1395=ORIENTED_EDGE('',*,*,#1394,.T.);
#1396=ORIENTED_EDGE('',*,*,#1377,.T.);
#1398=ORIENTED_EDGE('',*,*,#1397,.F.);
#1400=ORIENTED_EDGE('',*,*,#1399,.T.);
#1402=ORIENTED_EDGE('',*,*,#1401,.T.);
#1403=EDGE_LOOP('',(#1395,#1396,#1398,#1400,#1402));
#1404=FACE_OUTER_BOUND('',#1403,.F.);
#1405=ADVANCED_FACE('',(#1404),#1393,.F.);
#1406=CARTESIAN_POINT('',(-1.799447459028E1,0.E0,0.E0));
#1407=DIRECTION('',(-1.E0,0.E0,0.E0));
#1408=DIRECTION('',(0.E0,1.E0,0.E0));
#1409=AXIS2_PLACEMENT_3D('',#1406,#1407,#1408);
#1410=CONICAL_SURFACE('',#1409,1.089947459028E1,4.5E1);
#1411=ORIENTED_EDGE('',*,*,#1394,.F.);
#1413=ORIENTED_EDGE('',*,*,#1412,.F.);
#1414=ORIENTED_EDGE('',*,*,#1382,.F.);
#1416=ORIENTED_EDGE('',*,*,#1415,.F.);
#1417=ORIENTED_EDGE('',*,*,#1379,.T.);
#1418=EDGE_LOOP('',(#1411,#1413,#1414,#1416,#1417));
#1419=FACE_OUTER_BOUND('',#1418,.F.);
#1420=ADVANCED_FACE('',(#1419),#1410,.F.);
#1421=CARTESIAN_POINT('',(-3.5E1,0.E0,0.E0));
#1422=DIRECTION('',(-1.E0,0.E0,0.E0));
#1423=DIRECTION('',(0.E0,0.E0,1.E0));
#1424=AXIS2_PLACEMENT_3D('',#1421,#1422,#1423);
#1425=CYLINDRICAL_SURFACE('',#1424,1.114E1);
#1426=ORIENTED_EDGE('',*,*,#1412,.T.);
#1427=ORIENTED_EDGE('',*,*,#1401,.F.);
#1429=ORIENTED_EDGE('',*,*,#1428,.T.);
#1430=ORIENTED_EDGE('',*,*,#1397,.T.);
#1431=ORIENTED_EDGE('',*,*,#1384,.T.);
#1432=EDGE_LOOP('',(#1426,#1427,#1429,#1430,#1431));
#1433=FACE_OUTER_BOUND('',#1432,.F.);
#1434=ADVANCED_FACE('',(#1433),#1425,.F.);
#1435=CARTESIAN_POINT('',(-3.5E1,-1.2005E1,-2.E1));
#1436=DIRECTION('',(1.E0,0.E0,0.E0));
#1437=DIRECTION('',(0.E0,1.E0,0.E0));
#1438=AXIS2_PLACEMENT_3D('',#1435,#1436,#1437);
#1439=PLANE('',#1438);
#1441=ORIENTED_EDGE('',*,*,#1440,.T.);
#1443=ORIENTED_EDGE('',*,*,#1442,.T.);
#1444=EDGE_LOOP('',(#1441,#1443));
#1445=FACE_OUTER_BOUND('',#1444,.F.);
#1446=ORIENTED_EDGE('',*,*,#1399,.F.);
#1447=ORIENTED_EDGE('',*,*,#1428,.F.);
#1448=EDGE_LOOP('',(#1446,#1447));
#1449=FACE_BOUND('',#1448,.F.);
#1450=ADVANCED_FACE('',(#1445,#1449),#1439,.F.);
#1451=CARTESIAN_POINT('',(-1.068E1,-2.065551937070E-14,0.E0));
#1452=DIRECTION('',(1.E0,0.E0,0.E0));
#1453=DIRECTION('',(0.E0,1.E0,0.E0));
#1454=AXIS2_PLACEMENT_3D('',#1451,#1452,#1453);
#1455=CYLINDRICAL_SURFACE('',#1454,1.2005E1);
#1456=ORIENTED_EDGE('',*,*,#1440,.F.);
#1458=ORIENTED_EDGE('',*,*,#1457,.T.);
#1460=ORIENTED_EDGE('',*,*,#1459,.F.);
#1462=ORIENTED_EDGE('',*,*,#1461,.F.);
#1463=EDGE_LOOP('',(#1456,#1458,#1460,#1462));
#1464=FACE_OUTER_BOUND('',#1463,.F.);
#1465=ADVANCED_FACE('',(#1464),#1455,.T.);
#1466=CARTESIAN_POINT('',(-1.068E1,-2.065551937070E-14,0.E0));
#1467=DIRECTION('',(1.E0,0.E0,0.E0));
#1468=DIRECTION('',(0.E0,1.E0,0.E0));
#1469=AXIS2_PLACEMENT_3D('',#1466,#1467,#1468);
#1470=CYLINDRICAL_SURFACE('',#1469,1.2005E1);
#1471=ORIENTED_EDGE('',*,*,#1442,.F.);
#1472=ORIENTED_EDGE('',*,*,#1461,.T.);
#1474=ORIENTED_EDGE('',*,*,#1473,.F.);
#1475=ORIENTED_EDGE('',*,*,#1457,.F.);
#1476=EDGE_LOOP('',(#1471,#1472,#1474,#1475));
#1477=FACE_OUTER_BOUND('',#1476,.F.);
#1478=ADVANCED_FACE('',(#1477),#1470,.T.);
#1479=CARTESIAN_POINT('',(1.861049253839E1,1.198171265874E1,7.457068258292E-1));
#1480=CARTESIAN_POINT('',(6.203240364920E0,1.198171265874E1,1.038345482128E0));
#1481=CARTESIAN_POINT('',(-6.204011808549E0,1.198171265874E1,1.038339416888E0));
#1482=CARTESIAN_POINT('',(-1.861126398202E1,1.198171265874E1,
7.456886301077E-1));
#1483=CARTESIAN_POINT('',(1.861049253839E1,1.199766202146E1,4.975305197115E-1));
#1484=CARTESIAN_POINT('',(6.203240364920E0,1.199766202146E1,6.927608256531E-1));
#1485=CARTESIAN_POINT('',(-6.204011808549E0,1.199766202146E1,
6.927567793020E-1));
#1486=CARTESIAN_POINT('',(-1.861126398202E1,1.199766202146E1,
4.975183806581E-1));
#1487=CARTESIAN_POINT('',(1.861049253839E1,1.206302207539E1,-1.527287410565E0));
#1488=CARTESIAN_POINT('',(6.203240364920E0,1.206302207539E1,-2.126796554195E0));
#1489=CARTESIAN_POINT('',(-6.204011808549E0,1.206302207539E1,
-2.126784128745E0));
#1490=CARTESIAN_POINT('',(-1.861126398202E1,1.206302207539E1,
-1.527250134213E0));
#1491=CARTESIAN_POINT('',(1.861049253839E1,1.118570815880E1,-5.328771002337E0));
#1492=CARTESIAN_POINT('',(6.203240364920E0,1.118570815880E1,-7.420437369650E0));
#1493=CARTESIAN_POINT('',(-6.204011808549E0,1.118570815880E1,
-7.420394017689E0));
#1494=CARTESIAN_POINT('',(-1.861126398202E1,1.118570815880E1,
-5.328640946454E0));
#1495=CARTESIAN_POINT('',(1.861049253839E1,7.742274241880E0,-9.599805343212E0));
#1496=CARTESIAN_POINT('',(6.203240364920E0,7.742274241880E0,-1.336758726917E1));
#1497=CARTESIAN_POINT('',(-6.204011808549E0,7.742274241880E0,
-1.336750917797E1));
#1498=CARTESIAN_POINT('',(-1.861126398202E1,7.742274241880E0,
-9.599571069614E0));
#1499=CARTESIAN_POINT('',(1.861049253839E1,2.761281942845E0,-1.197330662448E1));
#1500=CARTESIAN_POINT('',(6.203240364920E0,2.761281942845E0,-1.667377842812E1));
#1501=CARTESIAN_POINT('',(-6.204011808549E0,2.761281942845E0,
-1.667368100596E1));
#1502=CARTESIAN_POINT('',(-1.861126398202E1,2.761281942845E0,
-1.197301435798E1));
#1503=CARTESIAN_POINT('',(1.861049253839E1,-2.144369010655E0,
-1.196910297147E1));
#1504=CARTESIAN_POINT('',(6.203240364920E0,-2.144369010655E0,
-1.666617626267E1));
#1505=CARTESIAN_POINT('',(-6.204011808549E0,-2.144369010655E0,
-1.666607891094E1));
#1506=CARTESIAN_POINT('',(-1.861126398202E1,-2.144369010655E0,
-1.196881091629E1));
#1507=CARTESIAN_POINT('',(1.861049253839E1,-7.226297210986E0,
-1.000477800267E1));
#1508=CARTESIAN_POINT('',(6.203240364920E0,-7.226297210986E0,
-1.393222704923E1));
#1509=CARTESIAN_POINT('',(-6.204011808549E0,-7.226297210986E0,
-1.393214564877E1));
#1510=CARTESIAN_POINT('',(-1.861126398202E1,-7.226297210986E0,
-1.000453380127E1));
#1511=CARTESIAN_POINT('',(1.861049253839E1,-1.062474783881E1,
-6.380412927632E0));
#1512=CARTESIAN_POINT('',(6.203240364920E0,-1.062474783881E1,
-8.884368963075E0));
#1513=CARTESIAN_POINT('',(-6.204011808549E0,-1.062474783881E1,
-8.884317065982E0));
#1514=CARTESIAN_POINT('',(-1.861126398202E1,-1.062474783881E1,
-6.380257236352E0));
#1515=CARTESIAN_POINT('',(1.861049253839E1,-1.195064721401E1,
-2.128109603088E0));
#1516=CARTESIAN_POINT('',(6.203240364920E0,-1.195064721401E1,
-2.963009122288E0));
#1517=CARTESIAN_POINT('',(-6.204011808549E0,-1.195064721401E1,
-2.962991818127E0));
#1518=CARTESIAN_POINT('',(-1.861126398202E1,-1.195064721401E1,
-2.128057690605E0));
#1519=CARTESIAN_POINT('',(1.861049253839E1,-1.203320844734E1,
-9.350466344427E-2));
#1520=CARTESIAN_POINT('',(6.203240364920E0,-1.203320844734E1,
-1.299823646187E-1));
#1521=CARTESIAN_POINT('',(-6.204011808549E0,-1.203320844734E1,
-1.299816085804E-1));
#1522=CARTESIAN_POINT('',(-1.861126398202E1,-1.203320844734E1,
-9.350239532938E-2));
#1523=CARTESIAN_POINT('',(1.861049253839E1,-1.197886683679E1,
7.456092660055E-1));
#1524=CARTESIAN_POINT('',(6.203240364920E0,-1.197886683679E1,1.038413335214E0));
#1525=CARTESIAN_POINT('',(-6.204011808549E0,-1.197886683679E1,
1.038407266545E0));
#1526=CARTESIAN_POINT('',(-1.861126398202E1,-1.197886683679E1,
7.455910599988E-1));
#1527=B_SPLINE_SURFACE_WITH_KNOTS('',3,3,((#1479,#1480,#1481,#1482),(#1483,
#1484,#1485,#1486),(#1487,#1488,#1489,#1490),(#1491,#1492,#1493,#1494),(#1495,
#1496,#1497,#1498),(#1499,#1500,#1501,#1502),(#1503,#1504,#1505,#1506),(#1507,
#1508,#1509,#1510),(#1511,#1512,#1513,#1514),(#1515,#1516,#1517,#1518),(#1519,
#1520,#1521,#1522),(#1523,#1524,#1525,#1526)),.UNSPECIFIED.,.F.,.F.,.F.,(4,1,1,
1,1,1,1,1,1,4),(4,4),(-1.000000000002E-2,-1.509903313490E-14,7.142857142856E-2,
1.428571428571E-1,2.142857142857E-1,2.857142857143E-1,3.333333333333E-1,
4.285714285714E-1,4.761904761905E-1,5.1E-1),(-9.597276516672E-3,
1.009618400384E0),.UNSPECIFIED.);
#1529=ORIENTED_EDGE('',*,*,#1528,.T.);
#1531=ORIENTED_EDGE('',*,*,#1530,.T.);
#1533=ORIENTED_EDGE('',*,*,#1532,.T.);
#1535=ORIENTED_EDGE('',*,*,#1534,.T.);
#1536=ORIENTED_EDGE('',*,*,#1473,.T.);
#1538=ORIENTED_EDGE('',*,*,#1537,.F.);
#1540=ORIENTED_EDGE('',*,*,#1539,.T.);
#1542=ORIENTED_EDGE('',*,*,#1541,.T.);
#1543=EDGE_LOOP('',(#1529,#1531,#1533,#1535,#1536,#1538,#1540,#1542));
#1544=FACE_OUTER_BOUND('',#1543,.F.);
#1545=ADVANCED_FACE('',(#1544),#1527,.T.);
#1546=CARTESIAN_POINT('',(2.051273155897E-2,1.328061410266E-2,
1.536998809681E1));
#1547=CARTESIAN_POINT('',(1.542624494887E0,1.205413365496E0,1.536814932948E1));
#1548=CARTESIAN_POINT('',(4.597152236862E0,3.602512351119E0,1.490642442853E1));
#1549=CARTESIAN_POINT('',(8.767215066377E0,7.188191946432E0,1.290306809733E1));
#1550=CARTESIAN_POINT('',(1.221190782490E1,1.069648689890E1,9.727052972624E0));
#1551=CARTESIAN_POINT('',(1.426667495104E1,1.326497960602E1,6.158537118973E0));
#1552=CARTESIAN_POINT('',(1.520378345097E1,1.456940365125E1,2.750833913644E0));
#1553=CARTESIAN_POINT('',(1.545531119232E1,1.493447783178E1,
-3.893847262009E-3));
#1554=CARTESIAN_POINT('',(1.520059720356E1,1.456462704562E1,-2.762406674602E0));
#1555=CARTESIAN_POINT('',(1.450243713016E1,1.359427551741E1,-5.306816063135E0));
#1556=CARTESIAN_POINT('',(1.343229717379E1,1.221941190477E1,-7.604909421930E0));
#1557=CARTESIAN_POINT('',(1.208475044741E1,1.063986946314E1,-9.595521796456E0));
#1558=CARTESIAN_POINT('',(1.048228855104E1,8.933715117408E0,-1.132141079334E1));
#1559=CARTESIAN_POINT('',(8.668867506470E0,7.172769655978E0,-1.276161092156E1));
#1560=CARTESIAN_POINT('',(6.678204134787E0,5.390636526996E0,-1.390638661003E1));
#1561=CARTESIAN_POINT('',(4.539706318355E0,3.596627052592E0,-1.474394111394E1));
#1562=CARTESIAN_POINT('',(2.308232451096E0,1.807922020857E0,-1.525293413788E1));
#1563=CARTESIAN_POINT('',(7.732757658919E-1,6.055968903762E-1,
-1.536953613463E1));
#1564=CARTESIAN_POINT('',(6.432239052167E-3,5.037315760934E-3,
-1.536999996802E1));
#1565=CARTESIAN_POINT('',(0.E0,0.E0,-1.537E1));
#1566=CARTESIAN_POINT('',(2.051273155897E-2,1.328061410266E-2,
1.536998809681E1));
#1567=CARTESIAN_POINT('',(1.577154795383E0,1.152483744208E0,1.536815158365E1));
#1568=CARTESIAN_POINT('',(4.702569451346E0,3.444312228376E0,1.488426910335E1));
#1569=CARTESIAN_POINT('',(8.942559469051E0,6.877878998835E0,1.279132560006E1));
#1570=CARTESIAN_POINT('',(1.239740419129E1,1.022576467523E1,9.494520070865E0));
#1571=CARTESIAN_POINT('',(1.437230286630E1,1.261223640703E1,5.863985942248E0));
#1572=CARTESIAN_POINT('',(1.520980421571E1,1.376301866804E1,2.565500740609E0));
#1573=CARTESIAN_POINT('',(1.542424881639E1,1.407451749596E1,
-3.284164822297E-3));
#1574=CARTESIAN_POINT('',(1.520735274032E1,1.375918306934E1,-2.577271545128E0));
#1575=CARTESIAN_POINT('',(1.458222482963E1,1.290208702827E1,-5.038563670838E0));
#1576=CARTESIAN_POINT('',(1.357146469831E1,1.164176940190E1,-7.336502231877E0));
#1577=CARTESIAN_POINT('',(1.225691030209E1,1.016201173854E1,-9.368286080134E0));
#1578=CARTESIAN_POINT('',(1.066246227559E1,8.543208732237E0,-1.114984257845E1));
#1579=CARTESIAN_POINT('',(8.836951538450E0,6.862114527538E0,-1.264605636960E1));
#1580=CARTESIAN_POINT('',(6.818428299677E0,5.156522299452E0,-1.383958107435E1));
#1581=CARTESIAN_POINT('',(4.640183408824E0,3.439295938651E0,-1.471480184906E1));
#1582=CARTESIAN_POINT('',(2.360859423589E0,1.728316827972E0,-1.524742576924E1));
#1583=CARTESIAN_POINT('',(7.909569396136E-1,5.788252159131E-1,
-1.536947162278E1));
#1584=CARTESIAN_POINT('',(6.578560839337E-3,4.816442397087E-3,
-1.537000045625E1));
#1585=CARTESIAN_POINT('',(0.E0,0.E0,-1.537E1));
#1586=CARTESIAN_POINT('',(2.051273155897E-2,1.328061410266E-2,
1.536998809681E1));
#1587=CARTESIAN_POINT('',(1.637989560937E0,1.060277009659E0,1.536814131330E1));
#1588=CARTESIAN_POINT('',(4.887340846958E0,3.166045462990E0,1.486999581054E1));
#1589=CARTESIAN_POINT('',(9.310634895282E0,6.332753387884E0,1.270524537616E1));
#1590=CARTESIAN_POINT('',(1.293994776607E1,9.397354674414E0,9.285902183049E0));
#1591=CARTESIAN_POINT('',(1.502746370953E1,1.146470845573E1,5.569426323137E0));
#1592=CARTESIAN_POINT('',(1.590404922091E1,1.235024542815E1,2.370978639482E0));
#1593=CARTESIAN_POINT('',(1.612489487795E1,1.256890197432E1,
-2.863074933091E-3));
#1594=CARTESIAN_POINT('',(1.590148425901E1,1.234788595688E1,-2.382828084510E0));
#1595=CARTESIAN_POINT('',(1.524723948387E1,1.168634515773E1,-4.767720804350E0));
#1596=CARTESIAN_POINT('',(1.418087655746E1,1.062624486948E1,-7.078315935966E0));
#1597=CARTESIAN_POINT('',(1.279437016872E1,9.321380738223E0,-9.161506404985E0));
#1598=CARTESIAN_POINT('',(1.111728871334E1,7.856524236125E0,-1.100311781257E1));
#1599=CARTESIAN_POINT('',(9.203748337848E0,6.315931788734E0,-1.255359473175E1));
#1600=CARTESIAN_POINT('',(7.094471742246E0,4.745211593890E0,-1.378957245941E1));
#1601=CARTESIAN_POINT('',(4.824316838101E0,3.162958036463E0,-1.469424560899E1));
#1602=CARTESIAN_POINT('',(2.453350833742E0,1.588478475539E0,-1.524369434654E1));
#1603=CARTESIAN_POINT('',(8.218433838735E-1,5.321004308207E-1,
-1.536946109225E1));
#1604=CARTESIAN_POINT('',(6.837130503776E-3,4.425695847039E-3,
-1.537000044785E1));
#1605=CARTESIAN_POINT('',(0.E0,0.E0,-1.537E1));
#1606=CARTESIAN_POINT('',(2.051273155897E-2,1.328061410266E-2,
1.536998809681E1));
#1607=CARTESIAN_POINT('',(1.699159818326E0,9.683037288213E-1,1.536820315897E1));
#1608=CARTESIAN_POINT('',(5.071860302937E0,2.887098123648E0,1.489805899819E1));
#1609=CARTESIAN_POINT('',(9.743838233620E0,5.847359363274E0,1.281914175518E1));
#1610=CARTESIAN_POINT('',(1.371121916028E1,8.787821465545E0,9.475932116432E0));
#1611=CARTESIAN_POINT('',(1.617736198044E1,1.085545809971E1,5.802650428368E0));
#1612=CARTESIAN_POINT('',(1.733316132419E1,1.182129099991E1,2.526016383058E0));
#1613=CARTESIAN_POINT('',(1.764616992841E1,1.207873493528E1,
-3.347313914555E-3));
#1614=CARTESIAN_POINT('',(1.732912356388E1,1.181833450944E1,-2.537482484986E0));
#1615=CARTESIAN_POINT('',(1.646870962220E1,1.109800363867E1,-4.983000204576E0));
#1616=CARTESIAN_POINT('',(1.517486011445E1,1.001582928632E1,-7.292101147027E0));
#1617=CARTESIAN_POINT('',(1.357995878565E1,8.727387785718E0,-9.348924668169E0));
#1618=CARTESIAN_POINT('',(1.171915729812E1,7.309788677791E0,-1.115507023703E1));
#1619=CARTESIAN_POINT('',(9.647271359410E0,5.840744450272E0,-1.266573188132E1));
#1620=CARTESIAN_POINT('',(7.402780778867E0,4.363251674083E0,-1.386067782593E1));
#1621=CARTESIAN_POINT('',(5.016845741610E0,2.894211183769E0,-1.472781717707E1));
#1622=CARTESIAN_POINT('',(2.545872403043E0,1.448719729889E0,-1.525040059299E1));
#1623=CARTESIAN_POINT('',(8.528117786106E-1,4.852869975052E-1,
-1.536949921294E1));
#1624=CARTESIAN_POINT('',(7.094799609973E-3,4.035906140322E-3,
-1.537000031029E1));
#1625=CARTESIAN_POINT('',(0.E0,0.E0,-1.537E1));
#1626=CARTESIAN_POINT('',(2.051273155897E-2,1.328061410266E-2,
1.536998809681E1));
#1627=CARTESIAN_POINT('',(1.725573674066E0,9.288615527932E-1,1.536798538918E1));
#1628=CARTESIAN_POINT('',(5.151416133064E0,2.766960023310E0,1.491829939456E1));
#1629=CARTESIAN_POINT('',(9.935885369784E0,5.657374529782E0,1.290344097040E1));
#1630=CARTESIAN_POINT('',(1.405639858642E1,8.591181687697E0,9.623870728957E0));
#1631=CARTESIAN_POINT('',(1.668226596039E1,1.073751896564E1,5.982646631178E0));
#1632=CARTESIAN_POINT('',(1.794618382302E1,1.180824333104E1,2.641753660774E0));
#1633=CARTESIAN_POINT('',(1.829340424430E1,1.210593070723E1,
-3.879772108976E-3));
#1634=CARTESIAN_POINT('',(1.794158331548E1,1.180450445296E1,-2.652778909660E0));
#1635=CARTESIAN_POINT('',(1.700120114211E1,1.100725715824E1,-5.147977060788E0));
#1636=CARTESIAN_POINT('',(1.561428307302E1,9.864845220623E0,-7.458052922584E0));
#1637=CARTESIAN_POINT('',(1.392985634062E1,8.543329779820E0,-9.494037582535E0));
#1638=CARTESIAN_POINT('',(1.198754466388E1,7.116839496536E0,-1.127102767110E1));
#1639=CARTESIAN_POINT('',(9.844057522248E0,5.658411456297E0,-1.274969690925E1));
#1640=CARTESIAN_POINT('',(7.538334024625E0,4.208269163628E0,-1.391298714825E1));
#1641=CARTESIAN_POINT('',(5.100516423399E0,2.781022610785E0,-1.475217755597E1));
#1642=CARTESIAN_POINT('',(2.585683436701E0,1.388606320396E0,-1.525522346831E1));
#1643=CARTESIAN_POINT('',(8.661993323006E-1,4.650855788316E-1,
-1.536954301663E1));
#1644=CARTESIAN_POINT('',(7.205047963105E-3,3.868718426991E-3,
-1.536999997060E1));
#1645=CARTESIAN_POINT('',(0.E0,0.E0,-1.537E1));
#1646=B_SPLINE_SURFACE_WITH_KNOTS('',3,3,((#1546,#1547,#1548,#1549,#1550,#1551,
#1552,#1553,#1554,#1555,#1556,#1557,#1558,#1559,#1560,#1561,#1562,#1563,#1564,
#1565),(#1566,#1567,#1568,#1569,#1570,#1571,#1572,#1573,#1574,#1575,#1576,#1577,
#1578,#1579,#1580,#1581,#1582,#1583,#1584,#1585),(#1586,#1587,#1588,#1589,#1590,
#1591,#1592,#1593,#1594,#1595,#1596,#1597,#1598,#1599,#1600,#1601,#1602,#1603,
#1604,#1605),(#1606,#1607,#1608,#1609,#1610,#1611,#1612,#1613,#1614,#1615,#1616,
#1617,#1618,#1619,#1620,#1621,#1622,#1623,#1624,#1625),(#1626,#1627,#1628,#1629,
#1630,#1631,#1632,#1633,#1634,#1635,#1636,#1637,#1638,#1639,#1640,#1641,#1642,
#1643,#1644,#1645)),.UNSPECIFIED.,.F.,.F.,.F.,(4,1,4),(4,1,1,1,1,1,1,1,1,1,1,1,
1,1,1,1,1,4),(-1.305335224251E-2,5.714285714286E-1,1.013056453540E0),(
1.292861551150E-8,6.458844396932E-1,1.291768879386E0,1.937653319080E0,
2.583537758773E0,2.906479978619E0,3.229422198466E0,3.552364418313E0,
3.875306638159E0,4.198248858006E0,4.521191077853E0,4.844133297699E0,
5.167075517546E0,5.490017737392E0,5.812959957239E0,6.135902177086E0,
6.458844396932E0,6.461575953327E0),.UNSPECIFIED.);
#1648=ORIENTED_EDGE('',*,*,#1647,.T.);
#1650=ORIENTED_EDGE('',*,*,#1649,.T.);
#1651=ORIENTED_EDGE('',*,*,#1528,.F.);
#1653=ORIENTED_EDGE('',*,*,#1652,.F.);
#1654=EDGE_LOOP('',(#1648,#1650,#1651,#1653));
#1655=FACE_OUTER_BOUND('',#1654,.F.);
#1656=ADVANCED_FACE('',(#1655),#1646,.T.);
#1657=CARTESIAN_POINT('',(0.E0,1.79E1,0.E0));
#1658=DIRECTION('',(0.E0,-1.E0,0.E0));
#1659=DIRECTION('',(-1.E0,0.E0,0.E0));
#1660=AXIS2_PLACEMENT_3D('',#1657,#1658,#1659);
#1661=CYLINDRICAL_SURFACE('',#1660,1.537E1);
#1663=ORIENTED_EDGE('',*,*,#1662,.F.);
#1665=ORIENTED_EDGE('',*,*,#1664,.T.);
#1667=ORIENTED_EDGE('',*,*,#1666,.F.);
#1668=ORIENTED_EDGE('',*,*,#1647,.F.);
#1670=ORIENTED_EDGE('',*,*,#1669,.F.);
#1672=ORIENTED_EDGE('',*,*,#1671,.F.);
#1674=ORIENTED_EDGE('',*,*,#1673,.F.);
#1675=EDGE_LOOP('',(#1663,#1665,#1667,#1668,#1670,#1672,#1674));
#1676=FACE_OUTER_BOUND('',#1675,.F.);
#1677=ADVANCED_FACE('',(#1676),#1661,.T.);
#1678=CARTESIAN_POINT('',(0.E0,1.79E1,0.E0));
#1679=DIRECTION('',(0.E0,-1.E0,0.E0));
#1680=DIRECTION('',(-1.E0,0.E0,0.E0));
#1681=AXIS2_PLACEMENT_3D('',#1678,#1679,#1680);
#1682=CYLINDRICAL_SURFACE('',#1681,1.537E1);
#1683=ORIENTED_EDGE('',*,*,#1666,.T.);
#1685=ORIENTED_EDGE('',*,*,#1684,.T.);
#1686=ORIENTED_EDGE('',*,*,#1662,.T.);
#1688=ORIENTED_EDGE('',*,*,#1687,.T.);
#1690=ORIENTED_EDGE('',*,*,#1689,.F.);
#1691=ORIENTED_EDGE('',*,*,#1530,.F.);
#1692=ORIENTED_EDGE('',*,*,#1649,.F.);
#1693=EDGE_LOOP('',(#1683,#1685,#1686,#1688,#1690,#1691,#1692));
#1694=FACE_OUTER_BOUND('',#1693,.F.);
#1695=ADVANCED_FACE('',(#1694),#1682,.T.);
#1696=CARTESIAN_POINT('',(0.E0,3.85E1,0.E0));
#1697=DIRECTION('',(0.E0,1.E0,0.E0));
#1698=DIRECTION('',(-1.E0,0.E0,0.E0));
#1699=AXIS2_PLACEMENT_3D('',#1696,#1697,#1698);
#1700=PLANE('',#1699);
#1701=ORIENTED_EDGE('',*,*,#1664,.F.);
#1702=ORIENTED_EDGE('',*,*,#1684,.F.);
#1703=EDGE_LOOP('',(#1701,#1702));
#1704=FACE_OUTER_BOUND('',#1703,.F.);
#1706=ORIENTED_EDGE('',*,*,#1705,.T.);
#1708=ORIENTED_EDGE('',*,*,#1707,.T.);
#1709=EDGE_LOOP('',(#1706,#1708));
#1710=FACE_BOUND('',#1709,.F.);
#1711=ADVANCED_FACE('',(#1704,#1710),#1700,.T.);
#1712=CARTESIAN_POINT('',(0.E0,2.683E1,0.E0));
#1713=DIRECTION('',(0.E0,-1.E0,0.E0));
#1714=DIRECTION('',(-1.E0,0.E0,0.E0));
#1715=AXIS2_PLACEMENT_3D('',#1712,#1713,#1714);
#1716=CYLINDRICAL_SURFACE('',#1715,1.435E1);
#1718=ORIENTED_EDGE('',*,*,#1717,.F.);
#1719=ORIENTED_EDGE('',*,*,#1705,.F.);
#1721=ORIENTED_EDGE('',*,*,#1720,.F.);
#1723=ORIENTED_EDGE('',*,*,#1722,.T.);
#1724=EDGE_LOOP('',(#1718,#1719,#1721,#1723));
#1725=FACE_OUTER_BOUND('',#1724,.F.);
#1726=ADVANCED_FACE('',(#1725),#1716,.F.);
#1727=CARTESIAN_POINT('',(0.E0,2.683E1,0.E0));
#1728=DIRECTION('',(0.E0,-1.E0,0.E0));
#1729=DIRECTION('',(-1.E0,0.E0,0.E0));
#1730=AXIS2_PLACEMENT_3D('',#1727,#1728,#1729);
#1731=CYLINDRICAL_SURFACE('',#1730,1.435E1);
#1732=ORIENTED_EDGE('',*,*,#1720,.T.);
#1733=ORIENTED_EDGE('',*,*,#1707,.F.);
#1734=ORIENTED_EDGE('',*,*,#1717,.T.);
#1736=ORIENTED_EDGE('',*,*,#1735,.T.);
#1737=EDGE_LOOP('',(#1732,#1733,#1734,#1736));
#1738=FACE_OUTER_BOUND('',#1737,.F.);
#1739=ADVANCED_FACE('',(#1738),#1731,.F.);
#1740=CARTESIAN_POINT('',(0.E0,1.234644660941E1,0.E0));
#1741=DIRECTION('',(0.E0,1.E0,0.E0));
#1742=DIRECTION('',(-1.E0,0.E0,0.E0));
#1743=AXIS2_PLACEMENT_3D('',#1740,#1741,#1742);
#1744=CONICAL_SURFACE('',#1743,1.399644660941E1,4.5E1);
#1746=ORIENTED_EDGE('',*,*,#1745,.F.);
#1748=ORIENTED_EDGE('',*,*,#1747,.T.);
#1749=ORIENTED_EDGE('',*,*,#1294,.F.);
#1751=ORIENTED_EDGE('',*,*,#1750,.T.);
#1752=ORIENTED_EDGE('',*,*,#1735,.F.);
#1754=ORIENTED_EDGE('',*,*,#1753,.F.);
#1755=EDGE_LOOP('',(#1746,#1748,#1749,#1751,#1752,#1754));
#1756=FACE_OUTER_BOUND('',#1755,.F.);
#1757=ADVANCED_FACE('',(#1756),#1744,.F.);
#1758=CARTESIAN_POINT('',(8.482421536639E-1,5.163067651796E0,1.358938724824E1));
#1759=CARTESIAN_POINT('',(9.924604528086E-1,5.176286003049E0,1.358032873942E1));
#1760=CARTESIAN_POINT('',(1.848454078674E0,5.274503271848E0,1.351295381780E1));
#1761=CARTESIAN_POINT('',(4.070696307841E0,5.842096300547E0,1.312200755519E1));
#1762=CARTESIAN_POINT('',(7.165341779159E0,7.473269122961E0,1.179903482355E1));
#1763=CARTESIAN_POINT('',(1.017174918276E1,9.747021787101E0,9.323705601552E0));
#1764=CARTESIAN_POINT('',(1.241246976564E1,1.195006493637E1,6.075748104950E0));
#1765=CARTESIAN_POINT('',(1.348697736872E1,1.323480033964E1,2.715002677919E0));
#1766=CARTESIAN_POINT('',(1.368044115388E1,1.347348021051E1,
-2.158204905739E-1));
#1767=CARTESIAN_POINT('',(1.339496161936E1,1.312254320490E1,-3.128913681103E0));
#1768=CARTESIAN_POINT('',(1.223111902835E1,1.174907251137E1,-6.426782732862E0));
#1769=CARTESIAN_POINT('',(9.524341533714E0,9.157304339663E0,-1.012690524547E1));
#1770=CARTESIAN_POINT('',(5.983703151950E0,6.668872765792E0,-1.251906971294E1));
#1771=CARTESIAN_POINT('',(1.969578021556E0,5.151577482090E0,-1.360242092825E1));
#1772=CARTESIAN_POINT('',(-3.655355883229E-1,5.063758655310E0,
-1.365778648815E1));
#1773=CARTESIAN_POINT('',(-1.565014220258E0,5.253756965595E0,
-1.352650499830E1));
#1774=CARTESIAN_POINT('',(-1.706693110331E0,5.279393933575E0,
-1.350871944572E1));
#1775=CARTESIAN_POINT('',(8.666572230013E-1,4.916171081736E0,1.358257136682E1));
#1776=CARTESIAN_POINT('',(1.013993757875E0,4.928776480395E0,1.357311425228E1));
#1777=CARTESIAN_POINT('',(1.888438717698E0,5.022453666529E0,1.350270284438E1));
#1778=CARTESIAN_POINT('',(4.157203149176E0,5.564074356709E0,1.309280577709E1));
#1779=CARTESIAN_POINT('',(7.303198452713E0,7.121051564434E0,1.170754299120E1));
#1780=CARTESIAN_POINT('',(1.031766130152E1,9.281652926814E0,9.136553229258E0));
#1781=CARTESIAN_POINT('',(1.248980937102E1,1.133543200242E1,5.812228694914E0));
#1782=CARTESIAN_POINT('',(1.344721306613E1,1.247025841773E1,2.536420365038E0));
#1783=CARTESIAN_POINT('',(1.360883090430E1,1.267134763810E1,
-2.008045258464E-1));
#1784=CARTESIAN_POINT('',(1.336801410250E1,1.237368207676E1,-2.930853880458E0));
#1785=CARTESIAN_POINT('',(1.231957469764E1,1.115154808069E1,-6.166725281956E0));
#1786=CARTESIAN_POINT('',(9.682372293560E0,8.727708299512E0,-9.963556939541E0));
#1787=CARTESIAN_POINT('',(6.106806788817E0,6.352522582625E0,-1.246111690851E1));
#1788=CARTESIAN_POINT('',(2.012979379930E0,4.905649308395E0,-1.359590971029E1));
#1789=CARTESIAN_POINT('',(-3.734158651490E-1,4.821026415679E0,
-1.365480949961E1));
#1790=CARTESIAN_POINT('',(-1.598779863820E0,5.002619539184E0,
-1.351680767392E1));
#1791=CARTESIAN_POINT('',(-1.743502022482E0,5.027123742017E0,
-1.349811275141E1));
#1792=CARTESIAN_POINT('',(9.034307905603E-1,4.478183597601E0,1.363606585820E1));
#1793=CARTESIAN_POINT('',(1.057031814947E0,4.489691951148E0,1.362629414609E1));
#1794=CARTESIAN_POINT('',(1.968679971367E0,4.575242927608E0,1.355344952260E1));
#1795=CARTESIAN_POINT('',(4.334507130182E0,5.070363959355E0,1.312768392486E1));
#1796=CARTESIAN_POINT('',(7.622445962280E0,6.493963522646E0,1.168555492163E1));
#1797=CARTESIAN_POINT('',(1.078526153517E1,8.448612973178E0,9.011756068832E0));
#1798=CARTESIAN_POINT('',(1.307182302631E1,1.023002357237E1,5.580322707034E0));
#1799=CARTESIAN_POINT('',(1.406539035626E1,1.109150375669E1,2.364179243785E0));
#1800=CARTESIAN_POINT('',(1.422948655815E1,1.122563141860E1,
-1.860839124681E-1));
#1801=CARTESIAN_POINT('',(1.398452974655E1,1.102364971652E1,-2.740859776930E0));
#1802=CARTESIAN_POINT('',(1.289274611738E1,1.007710631557E1,-5.941947529086E0));
#1803=CARTESIAN_POINT('',(1.011615391335E1,7.959600536698E0,-9.868729866340E0));
#1804=CARTESIAN_POINT('',(6.369869896913E0,5.790439500573E0,-1.247147381488E1));
#1805=CARTESIAN_POINT('',(2.097712738362E0,4.469267982359E0,-1.364960360237E1));
#1806=CARTESIAN_POINT('',(-3.889634738479E-1,4.390531207520E0,
-1.371168220211E1));
#1807=CARTESIAN_POINT('',(-1.666675249539E0,4.557056168522E0,
-1.356794994444E1));
#1808=CARTESIAN_POINT('',(-1.817592576199E0,4.579528651621E0,
-1.354847729646E1));
#1809=CARTESIAN_POINT('',(9.448178196932E-1,4.071457601167E0,1.380106096467E1));
#1810=CARTESIAN_POINT('',(1.105496029611E0,4.082169057982E0,1.379163870771E1));
#1811=CARTESIAN_POINT('',(2.059311159418E0,4.161819064150E0,1.372137502690E1));
#1812=CARTESIAN_POINT('',(4.538507651021E0,4.623243905570E0,1.331021390237E1));
#1813=CARTESIAN_POINT('',(8.023183609960E0,5.964586177644E0,1.191115812658E1));
#1814=CARTESIAN_POINT('',(1.147884169489E1,7.852870886359E0,9.276476200614E0));
#1815=CARTESIAN_POINT('',(1.412727739051E1,9.632442645497E0,5.863888869132E0));
#1816=CARTESIAN_POINT('',(1.543385295051E1,1.058434863547E1,2.548217641059E0));
#1817=CARTESIAN_POINT('',(1.566898209849E1,1.074996832225E1,
-2.016191779442E-1));
#1818=CARTESIAN_POINT('',(1.532159382819E1,1.050425331158E1,-2.945485924024E0));
#1819=CARTESIAN_POINT('',(1.390985819389E1,9.475387407317E0,-6.225855323492E0));
#1820=CARTESIAN_POINT('',(1.071930412718E1,7.369510069031E0,-1.012728592385E1));
#1821=CARTESIAN_POINT('',(6.681062910660E0,5.296478377363E0,-1.267722959444E1));
#1822=CARTESIAN_POINT('',(2.191684194975E0,4.062520347699E0,-1.381409823461E1));
#1823=CARTESIAN_POINT('',(-4.063529632226E-1,3.990169840793E0,
-1.387376270130E1));
#1824=CARTESIAN_POINT('',(-1.743583331338E0,4.145024304342E0,
-1.373530741016E1));
#1825=CARTESIAN_POINT('',(-1.901579726147E0,4.165927366551E0,
-1.371654356342E1));
#1826=CARTESIAN_POINT('',(9.631979412334E-1,3.905246933045E0,1.389189000250E1));
#1827=CARTESIAN_POINT('',(1.127023175367E0,3.915705676578E0,1.388272958519E1));
#1828=CARTESIAN_POINT('',(2.099595021799E0,3.993493210023E0,1.381441960493E1));
#1829=CARTESIAN_POINT('',(4.629362090121E0,4.444462110831E0,1.341469152466E1));
#1830=CARTESIAN_POINT('',(8.203496345742E0,5.766624965724E0,1.204991745441E1));
#1831=CARTESIAN_POINT('',(1.179179569783E1,7.666969808480E0,9.452632131428E0));
#1832=CARTESIAN_POINT('',(1.459562134936E1,9.517541587280E0,6.061495253803E0));
#1833=CARTESIAN_POINT('',(1.602287582452E1,1.058595703870E1,2.675536965530E0));
#1834=CARTESIAN_POINT('',(1.628377461099E1,1.078380746133E1,
-2.123018278191E-1));
#1835=CARTESIAN_POINT('',(1.589890995114E1,1.049265349958E1,-3.087252042818E0));
#1836=CARTESIAN_POINT('',(1.436250003922E1,9.349960311903E0,-6.423369513124E0));
#1837=CARTESIAN_POINT('',(1.099249695922E1,7.169483369303E0,-1.029628709167E1));
#1838=CARTESIAN_POINT('',(6.820251330257E0,5.104451670884E0,-1.279944603424E1));
#1839=CARTESIAN_POINT('',(2.233217552390E0,3.895886632246E0,-1.390462665051E1));
#1840=CARTESIAN_POINT('',(-4.139346731115E-1,3.826138273003E0,
-1.396230121749E1));
#1841=CARTESIAN_POINT('',(-1.777750372572E0,3.977211528149E0,
-1.382794445986E1));
#1842=CARTESIAN_POINT('',(-1.938912721494E0,3.997607663624E0,
-1.380973229109E1));
#1843=B_SPLINE_SURFACE_WITH_KNOTS('',3,3,((#1758,#1759,#1760,#1761,#1762,#1763,
#1764,#1765,#1766,#1767,#1768,#1769,#1770,#1771,#1772,#1773,#1774),(#1775,#1776,
#1777,#1778,#1779,#1780,#1781,#1782,#1783,#1784,#1785,#1786,#1787,#1788,#1789,
#1790,#1791),(#1792,#1793,#1794,#1795,#1796,#1797,#1798,#1799,#1800,#1801,#1802,
#1803,#1804,#1805,#1806,#1807,#1808),(#1809,#1810,#1811,#1812,#1813,#1814,#1815,
#1816,#1817,#1818,#1819,#1820,#1821,#1822,#1823,#1824,#1825),(#1826,#1827,#1828,
#1829,#1830,#1831,#1832,#1833,#1834,#1835,#1836,#1837,#1838,#1839,#1840,#1841,
#1842)),.UNSPECIFIED.,.F.,.F.,.F.,(4,1,4),(4,1,1,1,1,1,1,1,1,1,1,1,1,1,4),(
-4.669365414285E-2,5.714285714286E-1,1.046302767244E0),(1.068818191137E1,
1.073979187386E1,1.099532638399E1,1.150639540425E1,1.201746442452E1,
1.252853344479E1,1.303960246505E1,1.329513697518E1,1.355067148532E1,
1.406174050558E1,1.457280952585E1,1.533941305625E1,1.572271482145E1,
1.610601658665E1,1.615762654913E1),.UNSPECIFIED.);
#1844=ORIENTED_EDGE('',*,*,#1745,.T.);
#1846=ORIENTED_EDGE('',*,*,#1845,.T.);
#1848=ORIENTED_EDGE('',*,*,#1847,.T.);
#1850=ORIENTED_EDGE('',*,*,#1849,.T.);
#1851=ORIENTED_EDGE('',*,*,#1286,.T.);
#1852=ORIENTED_EDGE('',*,*,#1364,.F.);
#1854=ORIENTED_EDGE('',*,*,#1853,.F.);
#1855=ORIENTED_EDGE('',*,*,#1300,.F.);
#1857=ORIENTED_EDGE('',*,*,#1856,.T.);
#1859=ORIENTED_EDGE('',*,*,#1858,.T.);
#1860=EDGE_LOOP('',(#1844,#1846,#1848,#1850,#1851,#1852,#1854,#1855,#1857,
#1859));
#1861=FACE_OUTER_BOUND('',#1860,.F.);
#1862=ADVANCED_FACE('',(#1861),#1843,.F.);
#1863=CARTESIAN_POINT('',(0.E0,1.234644660941E1,0.E0));
#1864=DIRECTION('',(0.E0,1.E0,0.E0));
#1865=DIRECTION('',(-1.E0,0.E0,0.E0));
#1866=AXIS2_PLACEMENT_3D('',#1863,#1864,#1865);
#1867=CONICAL_SURFACE('',#1866,1.399644660941E1,4.5E1);
#1868=ORIENTED_EDGE('',*,*,#1845,.F.);
#1869=ORIENTED_EDGE('',*,*,#1753,.T.);
#1870=ORIENTED_EDGE('',*,*,#1722,.F.);
#1871=ORIENTED_EDGE('',*,*,#1750,.F.);
#1872=ORIENTED_EDGE('',*,*,#1292,.F.);
#1874=ORIENTED_EDGE('',*,*,#1873,.T.);
#1875=EDGE_LOOP('',(#1868,#1869,#1870,#1871,#1872,#1874));
#1876=FACE_OUTER_BOUND('',#1875,.F.);
#1877=ADVANCED_FACE('',(#1876),#1867,.F.);
#1878=CARTESIAN_POINT('',(0.E0,1.199289321881E1,0.E0));
#1879=DIRECTION('',(0.E0,-1.E0,0.E0));
#1880=DIRECTION('',(0.E0,0.E0,-1.E0));
#1881=AXIS2_PLACEMENT_3D('',#1878,#1879,#1880);
#1882=PLANE('',#1881);
#1883=ORIENTED_EDGE('',*,*,#1847,.F.);
#1884=ORIENTED_EDGE('',*,*,#1873,.F.);
#1885=ORIENTED_EDGE('',*,*,#1290,.F.);
#1887=ORIENTED_EDGE('',*,*,#1886,.F.);
#1888=EDGE_LOOP('',(#1883,#1884,#1885,#1887));
#1889=FACE_OUTER_BOUND('',#1888,.F.);
#1890=ADVANCED_FACE('',(#1889),#1882,.F.);
#1891=CARTESIAN_POINT('',(0.E0,1.199289321881E1,0.E0));
#1892=DIRECTION('',(0.E0,-1.E0,0.E0));
#1893=DIRECTION('',(-1.E0,0.E0,0.E0));
#1894=AXIS2_PLACEMENT_3D('',#1891,#1892,#1893);
#1895=CYLINDRICAL_SURFACE('',#1894,1.3615E1);
#1896=ORIENTED_EDGE('',*,*,#1288,.F.);
#1897=ORIENTED_EDGE('',*,*,#1849,.F.);
#1898=ORIENTED_EDGE('',*,*,#1886,.T.);
#1899=EDGE_LOOP('',(#1896,#1897,#1898));
#1900=FACE_OUTER_BOUND('',#1899,.F.);
#1901=ADVANCED_FACE('',(#1900),#1895,.F.);
#1902=CARTESIAN_POINT('',(-1.823665455526E1,1.062046109806E1,
6.640775406614E-1));
#1903=CARTESIAN_POINT('',(-6.078537198742E0,1.110495712597E1,1.014878150743E0));
#1904=CARTESIAN_POINT('',(6.079580157775E0,1.110494327106E1,1.014868122973E0));
#1905=CARTESIAN_POINT('',(1.823769751429E1,1.062041953472E1,6.640474503850E-1));
#1906=CARTESIAN_POINT('',(-1.823665455526E1,1.063440523090E1,
4.429873577301E-1));
#1907=CARTESIAN_POINT('',(-6.078537198742E0,1.111953701719E1,
6.770161962322E-1));
#1908=CARTESIAN_POINT('',(6.079580157775E0,1.111952314406E1,6.770095083263E-1));
#1909=CARTESIAN_POINT('',(1.823769751429E1,1.063436361299E1,4.429672854984E-1));
#1910=CARTESIAN_POINT('',(-1.823665455526E1,1.069189840724E1,
-1.371571408232E0));
#1911=CARTESIAN_POINT('',(-6.078537198742E0,1.117965130836E1,
-2.095933856185E0));
#1912=CARTESIAN_POINT('',(6.079580157775E0,1.117963736012E1,-2.095913133249E0));
#1913=CARTESIAN_POINT('',(1.823769751429E1,1.069185656431E1,-1.371509259180E0));
#1914=CARTESIAN_POINT('',(-1.823665455526E1,9.915113676275E0,
-4.779414057116E0));
#1915=CARTESIAN_POINT('',(-6.078537198742E0,1.036745286033E1,
-7.303868527384E0));
#1916=CARTESIAN_POINT('',(6.079580157775E0,1.036743992699E1,-7.303796337569E0));
#1917=CARTESIAN_POINT('',(1.823769751429E1,9.915074873495E0,-4.779197493192E0));
#1918=CARTESIAN_POINT('',(-1.823665455526E1,6.861409072849E0,
-8.612739233709E0));
#1919=CARTESIAN_POINT('',(-6.078537198742E0,7.174401322517E0,
-1.316152897664E1));
#1920=CARTESIAN_POINT('',(6.079580157775E0,7.174392370147E0,-1.316139885976E1));
#1921=CARTESIAN_POINT('',(1.823769751429E1,6.861382220456E0,-8.612348971984E0));
#1922=CARTESIAN_POINT('',(-1.823665455526E1,2.449156251391E0,
-1.073822458735E1));
#1923=CARTESIAN_POINT('',(-6.078537198742E0,2.560903225593E0,
-1.641041947397E1));
#1924=CARTESIAN_POINT('',(6.079580157775E0,2.560900031839E0,-1.641025730323E1));
#1925=CARTESIAN_POINT('',(1.823769751429E1,2.449146666737E0,-1.073773802132E1));
#1926=CARTESIAN_POINT('',(-1.823665455526E1,-2.450068016155E0,
-1.073873892040E1));
#1927=CARTESIAN_POINT('',(-6.078537198742E0,-2.561841949273E0,
-1.641115330532E1));
#1928=CARTESIAN_POINT('',(6.079580157775E0,-2.561838753316E0,
-1.641099112327E1));
#1929=CARTESIAN_POINT('',(1.823769751429E1,-2.450058427809E0,
-1.073825233069E1));
#1930=CARTESIAN_POINT('',(-1.823665455526E1,-6.858811888431E0,
-8.611011696165E0));
#1931=CARTESIAN_POINT('',(-6.078537198742E0,-7.171714615752E0,
-1.315945589193E1));
#1932=CARTESIAN_POINT('',(6.079580157775E0,-7.171705668774E0,
-1.315932583967E1));
#1933=CARTESIAN_POINT('',(1.823769751429E1,-6.858785046446E0,
-8.610621516787E0));
#1934=CARTESIAN_POINT('',(-1.823665455526E1,-1.006169160744E1,
-4.602769646006E0));
#1935=CARTESIAN_POINT('',(-6.078537198742E0,-1.052069511164E1,
-7.033944042049E0));
#1936=CARTESIAN_POINT('',(6.079580157775E0,-1.052068198553E1,
-7.033874521846E0));
#1937=CARTESIAN_POINT('',(1.823769751429E1,-1.006165223084E1,
-4.602561086321E0));
#1938=CARTESIAN_POINT('',(-1.823665455526E1,-1.073053291913E1,
-1.146351852225E0));
#1939=CARTESIAN_POINT('',(-6.078537198742E0,-1.122007696139E1,
-1.751684026288E0));
#1940=CARTESIAN_POINT('',(6.079580157775E0,-1.122006296472E1,
-1.751666700329E0));
#1941=CARTESIAN_POINT('',(1.823769751429E1,-1.073049092524E1,
-1.146299907771E0));
#1942=CARTESIAN_POINT('',(-1.823665455526E1,-1.062104879742E1,
6.644480183488E-1));
#1943=CARTESIAN_POINT('',(-6.078537198742E0,-1.110558850109E1,
1.015484278586E0));
#1944=CARTESIAN_POINT('',(6.079580157775E0,-1.110557464658E1,1.015474247935E0));
#1945=CARTESIAN_POINT('',(1.823769751429E1,-1.062100723192E1,
6.644179115722E-1));
#1946=B_SPLINE_SURFACE_WITH_KNOTS('',3,3,((#1902,#1903,#1904,#1905),(#1906,
#1907,#1908,#1909),(#1910,#1911,#1912,#1913),(#1914,#1915,#1916,#1917),(#1918,
#1919,#1920,#1921),(#1922,#1923,#1924,#1925),(#1926,#1927,#1928,#1929),(#1930,
#1931,#1932,#1933),(#1934,#1935,#1936,#1937),(#1938,#1939,#1940,#1941),(#1942,
#1943,#1944,#1945)),.UNSPECIFIED.,.F.,.F.,.F.,(4,1,1,1,1,1,1,1,4),(4,4),(
-9.932255626824E-3,0.E0,7.142857142857E-2,1.428571428571E-1,2.142857142857E-1,
2.857142857143E-1,3.571428571429E-1,4.285714285714E-1,5.099322556268E-1),(
6.392509512947E-4,9.993893076203E-1),.UNSPECIFIED.);
#1947=ORIENTED_EDGE('',*,*,#1853,.T.);
#1948=ORIENTED_EDGE('',*,*,#1362,.T.);
#1950=ORIENTED_EDGE('',*,*,#1949,.T.);
#1951=ORIENTED_EDGE('',*,*,#1358,.F.);
#1952=ORIENTED_EDGE('',*,*,#1415,.T.);
#1953=ORIENTED_EDGE('',*,*,#1367,.T.);
#1954=ORIENTED_EDGE('',*,*,#1302,.T.);
#1955=EDGE_LOOP('',(#1947,#1948,#1950,#1951,#1952,#1953,#1954));
#1956=FACE_OUTER_BOUND('',#1955,.F.);
#1957=ADVANCED_FACE('',(#1956),#1946,.T.);
#1958=CARTESIAN_POINT('',(1.799461724447E1,0.E0,0.E0));
#1959=DIRECTION('',(1.E0,0.E0,0.E0));
#1960=DIRECTION('',(0.E0,1.E0,0.E0));
#1961=AXIS2_PLACEMENT_3D('',#1958,#1959,#1960);
#1962=CONICAL_SURFACE('',#1961,1.089961724447E1,4.5E1);
#1964=ORIENTED_EDGE('',*,*,#1963,.T.);
#1966=ORIENTED_EDGE('',*,*,#1965,.F.);
#1967=ORIENTED_EDGE('',*,*,#1949,.F.);
#1969=ORIENTED_EDGE('',*,*,#1968,.T.);
#1971=ORIENTED_EDGE('',*,*,#1970,.T.);
#1972=EDGE_LOOP('',(#1964,#1966,#1967,#1969,#1971));
#1973=FACE_OUTER_BOUND('',#1972,.F.);
#1974=ADVANCED_FACE('',(#1973),#1962,.F.);
#1975=CARTESIAN_POINT('',(3.5E1,0.E0,0.E0));
#1976=DIRECTION('',(-1.E0,0.E0,0.E0));
#1977=DIRECTION('',(0.E0,0.E0,1.E0));
#1978=AXIS2_PLACEMENT_3D('',#1975,#1976,#1977);
#1979=CYLINDRICAL_SURFACE('',#1978,1.114E1);
#1981=ORIENTED_EDGE('',*,*,#1980,.T.);
#1983=ORIENTED_EDGE('',*,*,#1982,.F.);
#1984=ORIENTED_EDGE('',*,*,#1963,.F.);
#1986=ORIENTED_EDGE('',*,*,#1985,.F.);
#1988=ORIENTED_EDGE('',*,*,#1987,.F.);
#1989=EDGE_LOOP('',(#1981,#1983,#1984,#1986,#1988));
#1990=FACE_OUTER_BOUND('',#1989,.F.);
#1991=ADVANCED_FACE('',(#1990),#1979,.F.);
#1992=CARTESIAN_POINT('',(3.5E1,0.E0,0.E0));
#1993=DIRECTION('',(-1.E0,0.E0,0.E0));
#1994=DIRECTION('',(0.E0,0.E0,1.E0));
#1995=AXIS2_PLACEMENT_3D('',#1992,#1993,#1994);
#1996=CYLINDRICAL_SURFACE('',#1995,1.114E1);
#1997=ORIENTED_EDGE('',*,*,#1980,.F.);
#1999=ORIENTED_EDGE('',*,*,#1998,.F.);
#2000=ORIENTED_EDGE('',*,*,#1985,.T.);
#2001=ORIENTED_EDGE('',*,*,#1970,.F.);
#2003=ORIENTED_EDGE('',*,*,#2002,.F.);
#2004=EDGE_LOOP('',(#1997,#1999,#2000,#2001,#2003));
#2005=FACE_OUTER_BOUND('',#2004,.F.);
#2006=ADVANCED_FACE('',(#2005),#1996,.F.);
#2007=CARTESIAN_POINT('',(3.5E1,1.2005E1,-2.E1));
#2008=DIRECTION('',(-1.E0,0.E0,0.E0));
#2009=DIRECTION('',(0.E0,-1.E0,0.E0));
#2010=AXIS2_PLACEMENT_3D('',#2007,#2008,#2009);
#2011=PLANE('',#2010);
#2013=ORIENTED_EDGE('',*,*,#2012,.F.);
#2015=ORIENTED_EDGE('',*,*,#2014,.F.);
#2016=EDGE_LOOP('',(#2013,#2015));
#2017=FACE_OUTER_BOUND('',#2016,.F.);
#2018=ORIENTED_EDGE('',*,*,#1987,.T.);
#2019=ORIENTED_EDGE('',*,*,#1998,.T.);
#2020=EDGE_LOOP('',(#2018,#2019));
#2021=FACE_BOUND('',#2020,.F.);
#2022=ADVANCED_FACE('',(#2017,#2021),#2011,.F.);
#2023=CARTESIAN_POINT('',(-1.068E1,-2.065551937070E-14,0.E0));
#2024=DIRECTION('',(1.E0,0.E0,0.E0));
#2025=DIRECTION('',(0.E0,1.E0,0.E0));
#2026=AXIS2_PLACEMENT_3D('',#2023,#2024,#2025);
#2027=CYLINDRICAL_SURFACE('',#2026,1.2005E1);
#2028=ORIENTED_EDGE('',*,*,#2012,.T.);
#2030=ORIENTED_EDGE('',*,*,#2029,.F.);
#2032=ORIENTED_EDGE('',*,*,#2031,.F.);
#2034=ORIENTED_EDGE('',*,*,#2033,.T.);
#2035=EDGE_LOOP('',(#2028,#2030,#2032,#2034));
#2036=FACE_OUTER_BOUND('',#2035,.F.);
#2037=ADVANCED_FACE('',(#2036),#2027,.T.);
#2038=CARTESIAN_POINT('',(-1.068E1,-2.065551937070E-14,0.E0));
#2039=DIRECTION('',(1.E0,0.E0,0.E0));
#2040=DIRECTION('',(0.E0,1.E0,0.E0));
#2041=AXIS2_PLACEMENT_3D('',#2038,#2039,#2040);
#2042=CYLINDRICAL_SURFACE('',#2041,1.2005E1);
#2043=ORIENTED_EDGE('',*,*,#2014,.T.);
#2044=ORIENTED_EDGE('',*,*,#2033,.F.);
#2045=ORIENTED_EDGE('',*,*,#1539,.F.);
#2046=ORIENTED_EDGE('',*,*,#2029,.T.);
#2047=EDGE_LOOP('',(#2043,#2044,#2045,#2046));
#2048=FACE_OUTER_BOUND('',#2047,.F.);
#2049=ADVANCED_FACE('',(#2048),#2042,.T.);
#2050=CARTESIAN_POINT('',(1.861055657779E1,-1.198175232896E1,
-7.456302816993E-1));
#2051=CARTESIAN_POINT('',(6.203261710501E0,-1.198175232896E1,
-1.038024670572E0));
#2052=CARTESIAN_POINT('',(-6.204033156784E0,-1.198175232896E1,
-1.038018610394E0));
#2053=CARTESIAN_POINT('',(-1.861132802407E1,-1.198175232896E1,
-7.456121011658E-1));
#2054=CARTESIAN_POINT('',(1.861055657779E1,-1.210550196101E1,1.275849028805E0));
#2055=CARTESIAN_POINT('',(6.203261710501E0,-1.210550196101E1,1.776755381879E0));
#2056=CARTESIAN_POINT('',(-6.204033156784E0,-1.210550196101E1,
1.776745000074E0));
#2057=CARTESIAN_POINT('',(-1.861132802407E1,-1.210550196101E1,
1.275817883389E0));
#2058=CARTESIAN_POINT('',(1.861055657779E1,-1.135670371172E1,5.128260035364E0));
#2059=CARTESIAN_POINT('',(6.203261710501E0,-1.135670371172E1,7.140784960499E0));
#2060=CARTESIAN_POINT('',(-6.204033156784E0,-1.135670371172E1,
7.140743248827E0));
#2061=CARTESIAN_POINT('',(-1.861132802407E1,-1.135670371172E1,
5.128134900347E0));
#2062=CARTESIAN_POINT('',(1.861055657779E1,-7.736326914287E0,9.601107479873E0));
#2063=CARTESIAN_POINT('',(6.203261710501E0,-7.736326914287E0,1.336986706843E1));
#2064=CARTESIAN_POINT('',(-6.204033156784E0,-7.736326914287E0,
1.336978895696E1));
#2065=CARTESIAN_POINT('',(-1.861132802407E1,-7.736326914287E0,
9.600873145486E0));
#2066=CARTESIAN_POINT('',(1.861055657779E1,-2.765347931529E0,1.197207339352E1));
#2067=CARTESIAN_POINT('',(6.203261710501E0,-2.765347931529E0,1.667113973301E1));
#2068=CARTESIAN_POINT('',(-6.204033156784E0,-2.765347931529E0,
1.667104233997E1));
#2069=CARTESIAN_POINT('',(-1.861132802407E1,-2.765347931529E0,
1.197178121441E1));
#2070=CARTESIAN_POINT('',(1.861055657779E1,2.763471814432E0,1.197215355664E1));
#2071=CARTESIAN_POINT('',(6.203261710501E0,2.763471814432E0,1.667141220971E1));
#2072=CARTESIAN_POINT('',(-6.204033156784E0,2.763471814432E0,1.667131481269E1));
#2073=CARTESIAN_POINT('',(-1.861132802407E1,2.763471814432E0,1.197186136557E1));
#2074=CARTESIAN_POINT('',(1.861055657779E1,7.740780053740E0,9.602262259470E0));
#2075=CARTESIAN_POINT('',(6.203261710501E0,7.740780053740E0,1.337073703926E1));
#2076=CARTESIAN_POINT('',(-6.204033156784E0,7.740780053740E0,1.337065893370E1));
#2077=CARTESIAN_POINT('',(-1.861132802407E1,7.740780053740E0,9.602027942792E0));
#2078=CARTESIAN_POINT('',(1.861055657779E1,1.118602914691E1,5.328330137544E0));
#2079=CARTESIAN_POINT('',(6.203261710501E0,1.118602914691E1,7.419613059065E0));
#2080=CARTESIAN_POINT('',(-6.204033156784E0,1.118602914691E1,7.419569715051E0));
#2081=CARTESIAN_POINT('',(-1.861132802407E1,1.118602914691E1,5.328200105503E0));
#2082=CARTESIAN_POINT('',(1.861055657779E1,1.206311409198E1,1.527748249009E0));
#2083=CARTESIAN_POINT('',(6.203261710501E0,1.206311409198E1,2.127351235545E0));
#2084=CARTESIAN_POINT('',(-6.204033156784E0,1.206311409198E1,2.127338808149E0));
#2085=CARTESIAN_POINT('',(-1.861132802407E1,1.206311409198E1,1.527710966822E0));
#2086=CARTESIAN_POINT('',(1.861055657779E1,1.199763206257E1,
-4.971322533859E-1));
#2087=CARTESIAN_POINT('',(6.203261710501E0,1.199763206257E1,
-6.923105476796E-1));
#2088=CARTESIAN_POINT('',(-6.204033156784E0,1.199763206257E1,
-6.923065024064E-1));
#2089=CARTESIAN_POINT('',(-1.861132802407E1,1.199763206257E1,
-4.971201175664E-1));
#2090=CARTESIAN_POINT('',(1.861055657779E1,1.198166869735E1,
-7.453213841381E-1));
#2091=CARTESIAN_POINT('',(6.203261710501E0,1.198166869735E1,-1.037916205425E0));
#2092=CARTESIAN_POINT('',(-6.204033156784E0,1.198166869735E1,
-1.037910141093E0));
#2093=CARTESIAN_POINT('',(-1.861132802407E1,1.198166869735E1,
-7.453031911422E-1));
#2094=B_SPLINE_SURFACE_WITH_KNOTS('',3,3,((#2050,#2051,#2052,#2053),(#2054,
#2055,#2056,#2057),(#2058,#2059,#2060,#2061),(#2062,#2063,#2064,#2065),(#2066,
#2067,#2068,#2069),(#2070,#2071,#2072,#2073),(#2074,#2075,#2076,#2077),(#2078,
#2079,#2080,#2081),(#2082,#2083,#2084,#2085),(#2086,#2087,#2088,#2089),(#2090,
#2091,#2092,#2093)),.UNSPECIFIED.,.F.,.F.,.F.,(4,1,1,1,1,1,1,1,4),(4,4),(4.9E-1,
5.714285714286E-1,6.428571428572E-1,7.142857142858E-1,7.857142857143E-1,
8.571428571429E-1,9.285714285715E-1,1.E0,1.01E0),(-9.599030059896E-3,
1.009620154E0),.UNSPECIFIED.);
#2095=ORIENTED_EDGE('',*,*,#2031,.T.);
#2096=ORIENTED_EDGE('',*,*,#1537,.T.);
#2097=ORIENTED_EDGE('',*,*,#1459,.T.);
#2098=ORIENTED_EDGE('',*,*,#1534,.F.);
#2100=ORIENTED_EDGE('',*,*,#2099,.T.);
#2101=ORIENTED_EDGE('',*,*,#1671,.T.);
#2102=ORIENTED_EDGE('',*,*,#1669,.T.);
#2103=ORIENTED_EDGE('',*,*,#1652,.T.);
#2104=ORIENTED_EDGE('',*,*,#1541,.F.);
#2105=EDGE_LOOP('',(#2095,#2096,#2097,#2098,#2100,#2101,#2102,#2103,#2104));
#2106=FACE_OUTER_BOUND('',#2105,.F.);
#2107=ADVANCED_FACE('',(#2106),#2094,.T.);
#2108=CARTESIAN_POINT('',(-2.020411981367E-2,1.374627513591E-2,
-1.536998836481E1));
#2109=CARTESIAN_POINT('',(-1.538724549893E0,1.211497716582E0,
-1.536821749126E1));
#2110=CARTESIAN_POINT('',(-4.585902953060E0,3.618797364464E0,
-1.490841966855E1));
#2111=CARTESIAN_POINT('',(-8.746383187756E0,7.218864439849E0,
-1.291668967081E1));
#2112=CARTESIAN_POINT('',(-1.219223051911E1,1.074526523752E1,
-9.753036510693E0));
#2113=CARTESIAN_POINT('',(-1.425352477880E1,1.332975216204E1,
-6.194417823718E0));
#2114=CARTESIAN_POINT('',(-1.520551219622E1,1.465599207260E1,
-2.772458605363E0));
#2115=CARTESIAN_POINT('',(-1.545850625848E1,1.502247996985E1,
1.915167666925E-3));
#2116=CARTESIAN_POINT('',(-1.520491148921E1,1.465513725324E1,2.775856596062E0));
#2117=CARTESIAN_POINT('',(-1.425225634111E1,1.332802899637E1,6.197003707881E0));
#2118=CARTESIAN_POINT('',(-1.260050177158E1,1.125763229645E1,9.047566720366E0));
#2119=CARTESIAN_POINT('',(-1.046801422877E1,8.980930033124E0,1.133548384976E1));
#2120=CARTESIAN_POINT('',(-8.054764338433E0,6.620744491819E0,1.324702397868E1));
#2121=CARTESIAN_POINT('',(-4.584739362629E0,3.617691307610E0,1.490968439031E1));
#2122=CARTESIAN_POINT('',(-1.538841367940E0,1.211613291270E0,1.536798902348E1));
#2123=CARTESIAN_POINT('',(-2.020332092026E-2,1.374472486597E-2,
1.536998708436E1));
#2124=CARTESIAN_POINT('',(-2.020411981367E-2,1.374627513591E-2,
-1.536998836481E1));
#2125=CARTESIAN_POINT('',(-1.540703291798E0,1.208449887566E0,
-1.536821530665E1));
#2126=CARTESIAN_POINT('',(-4.591972949652E0,3.609710012643E0,
-1.490709365170E1));
#2127=CARTESIAN_POINT('',(-8.756314314819E0,7.201023482178E0,
-1.291000993484E1));
#2128=CARTESIAN_POINT('',(-1.220240529024E1,1.071822115654E1,
-9.739218240699E0));
#2129=CARTESIAN_POINT('',(-1.425852441956E1,1.329226698989E1,
-6.176972669058E0));
#2130=CARTESIAN_POINT('',(-1.520425227047E1,1.460961444900E1,
-2.761493418966E0));
#2131=CARTESIAN_POINT('',(-1.545499835726E1,1.497308947614E1,
1.906768691978E-3));
#2132=CARTESIAN_POINT('',(-1.520366954611E1,1.460877739354E1,2.764882611898E0));
#2133=CARTESIAN_POINT('',(-1.425723419366E1,1.329052871092E1,6.179555484127E0));
#2134=CARTESIAN_POINT('',(-1.260969304021E1,1.122856169637E1,9.033036766112E0));
#2135=CARTESIAN_POINT('',(-1.047802071263E1,8.958439054487E0,1.132522018566E1));
#2136=CARTESIAN_POINT('',(-8.064111189381E0,6.604423156349E0,1.324125596567E1));
#2137=CARTESIAN_POINT('',(-4.590740591507E0,3.608538104473E0,1.490834117281E1));
#2138=CARTESIAN_POINT('',(-1.540858878263E0,1.208602328844E0,1.536799534929E1));
#2139=CARTESIAN_POINT('',(-2.020332092026E-2,1.374472486597E-2,
1.536998708436E1));
#2140=CARTESIAN_POINT('',(-2.020411981367E-2,1.374627513591E-2,
-1.536998836481E1));
#2141=CARTESIAN_POINT('',(-1.576343604641E0,1.153600076884E0,
-1.536817509803E1));
#2142=CARTESIAN_POINT('',(-4.701239523607E0,3.446083418588E0,
-1.488405528744E1));
#2143=CARTESIAN_POINT('',(-8.937193733777E0,6.879753383651E0,
-1.279347210294E1));
#2144=CARTESIAN_POINT('',(-1.239303681443E1,1.023110351993E1,
-9.497163341282E0));
#2145=CARTESIAN_POINT('',(-1.436466757042E1,1.261693991318E1,
-5.870342934631E0));
#2146=CARTESIAN_POINT('',(-1.520508254365E1,1.377414053782E1,
-2.568422468393E0));
#2147=CARTESIAN_POINT('',(-1.541775800709E1,1.408328816487E1,
1.755978091440E-3));
#2148=CARTESIAN_POINT('',(-1.520480552895E1,1.377362305351E1,2.571662085039E0));
#2149=CARTESIAN_POINT('',(-1.436300325858E1,1.261492706084E1,5.872866569650E0));
#2150=CARTESIAN_POINT('',(-1.278430141066E1,1.070491544580E1,8.778312292996E0));
#2151=CARTESIAN_POINT('',(-1.066297781381E1,8.553378441480E0,1.114566658892E1));
#2152=CARTESIAN_POINT('',(-8.234074102766E0,6.310503958391E0,1.314064250076E1));
#2153=CARTESIAN_POINT('',(-4.698829704487E0,3.443748263783E0,1.488499260645E1));
#2154=CARTESIAN_POINT('',(-1.577160788106E0,1.154394841567E0,1.536811257690E1));
#2155=CARTESIAN_POINT('',(-2.020332092026E-2,1.374472486597E-2,
1.536998708436E1));
#2156=CARTESIAN_POINT('',(-2.020411981367E-2,1.374627513591E-2,
-1.536998836481E1));
#2157=CARTESIAN_POINT('',(-1.638438812510E0,1.059435015657E0,
-1.536808690972E1));
#2158=CARTESIAN_POINT('',(-4.889684375950E0,3.162525540739E0,
-1.487018303337E1));
#2159=CARTESIAN_POINT('',(-9.313377257073E0,6.324314455966E0,
-1.270815789373E1));
#2160=CARTESIAN_POINT('',(-1.294936380985E1,9.389554066323E0,
-9.289770487120E0));
#2161=CARTESIAN_POINT('',(-1.503922410759E1,1.145385936083E1,
-5.576881724256E0));
#2162=CARTESIAN_POINT('',(-1.592277194001E1,1.234426383716E1,
-2.374058686199E0));
#2163=CARTESIAN_POINT('',(-1.614308163405E1,1.256134611104E1,
1.522562994802E-3));
#2164=CARTESIAN_POINT('',(-1.592247770710E1,1.234426489124E1,2.377295906147E0));
#2165=CARTESIAN_POINT('',(-1.503746267129E1,1.145133216040E1,5.579209226611E0));
#2166=CARTESIAN_POINT('',(-1.336416769882E1,9.800963447088E0,8.554056398291E0));
#2167=CARTESIAN_POINT('',(-1.112902045071E1,7.853627281206E0,1.099910049239E1));
#2168=CARTESIAN_POINT('',(-8.579275949708E0,5.801697550448E0,1.306752511424E1));
#2169=CARTESIAN_POINT('',(-4.887070785188E0,3.158917573263E0,1.487061283621E1));
#2170=CARTESIAN_POINT('',(-1.639312788843E0,1.060683314822E0,1.536839865223E1));
#2171=CARTESIAN_POINT('',(-2.020332092026E-2,1.374472486597E-2,
1.536998708436E1));
#2172=CARTESIAN_POINT('',(-2.020411981367E-2,1.374627513591E-2,
-1.536998836481E1));
#2173=CARTESIAN_POINT('',(-1.698897795380E0,9.686724019994E-1,
-1.536821007524E1));
#2174=CARTESIAN_POINT('',(-5.071663985049E0,2.887008712549E0,
-1.489770205352E1));
#2175=CARTESIAN_POINT('',(-9.741145857264E0,5.845394464059E0,
-1.282078536293E1));
#2176=CARTESIAN_POINT('',(-1.371033160262E1,8.787480214106E0,
-9.477004998389E0));
#2177=CARTESIAN_POINT('',(-1.617384414783E1,1.085242117464E1,
-5.807132089257E0));
#2178=CARTESIAN_POINT('',(-1.733413630012E1,1.182208667010E1,
-2.527460860733E0));
#2179=CARTESIAN_POINT('',(-1.764419180968E1,1.207716925827E1,
1.731126753414E-3));
#2180=CARTESIAN_POINT('',(-1.733338808813E1,1.182180740308E1,2.530604891742E0));
#2181=CARTESIAN_POINT('',(-1.617242089173E1,1.085036766481E1,5.809901489519E0));
#2182=CARTESIAN_POINT('',(-1.419810434905E1,9.198128231738E0,8.749050235452E0));
#2183=CARTESIAN_POINT('',(-1.172448929364E1,7.314071112250E0,1.114982998610E1));
#2184=CARTESIAN_POINT('',(-8.964878994193E0,5.355517549854E0,1.316505336760E1));
#2185=CARTESIAN_POINT('',(-5.070285174406E0,2.884557560016E0,1.489893411456E1));
#2186=CARTESIAN_POINT('',(-1.699330481364E0,9.695660146145E-1,
1.536824205444E1));
#2187=CARTESIAN_POINT('',(-2.020332092026E-2,1.374472486597E-2,
1.536998708436E1));
#2188=CARTESIAN_POINT('',(-2.020411981367E-2,1.374627513591E-2,
-1.536998836481E1));
#2189=CARTESIAN_POINT('',(-1.725315789533E0,9.293425648763E-1,
-1.536806895815E1));
#2190=CARTESIAN_POINT('',(-5.151189687019E0,2.766720688511E0,
-1.491780523695E1));
#2191=CARTESIAN_POINT('',(-9.933144594884E0,5.655611775485E0,
-1.290518518681E1));
#2192=CARTESIAN_POINT('',(-1.405541827789E1,8.590606726691E0,
-9.624724397146E0));
#2193=CARTESIAN_POINT('',(-1.667834398902E1,1.073424387125E1,
-5.987142998101E0));
#2194=CARTESIAN_POINT('',(-1.794746732002E1,1.180934936712E1,
-2.643352156785E0));
#2195=CARTESIAN_POINT('',(-1.829096011168E1,1.210389679733E1,
1.894318850354E-3));
#2196=CARTESIAN_POINT('',(-1.794656174914E1,1.180872253245E1,2.646422547851E0));
#2197=CARTESIAN_POINT('',(-1.667698545608E1,1.073264957506E1,5.990192773414E0));
#2198=CARTESIAN_POINT('',(-1.457442256623E1,9.015995565875E0,8.902756436124E0));
#2199=CARTESIAN_POINT('',(-1.199346607740E1,7.121633363092E0,1.126635582121E1));
#2200=CARTESIAN_POINT('',(-9.137623870682E0,5.176193838450E0,1.323811481527E1));
#2201=CARTESIAN_POINT('',(-5.150352383211E0,2.765593695066E0,1.491970337117E1));
#2202=CARTESIAN_POINT('',(-1.725448354816E0,9.294822163651E-1,
1.536773371347E1));
#2203=CARTESIAN_POINT('',(-2.020332092026E-2,1.374472486597E-2,
1.536998708436E1));
#2204=B_SPLINE_SURFACE_WITH_KNOTS('',3,3,((#2108,#2109,#2110,#2111,#2112,#2113,
#2114,#2115,#2116,#2117,#2118,#2119,#2120,#2121,#2122,#2123),(#2124,#2125,#2126,
#2127,#2128,#2129,#2130,#2131,#2132,#2133,#2134,#2135,#2136,#2137,#2138,#2139),(
#2140,#2141,#2142,#2143,#2144,#2145,#2146,#2147,#2148,#2149,#2150,#2151,#2152,
#2153,#2154,#2155),(#2156,#2157,#2158,#2159,#2160,#2161,#2162,#2163,#2164,#2165,
#2166,#2167,#2168,#2169,#2170,#2171),(#2172,#2173,#2174,#2175,#2176,#2177,#2178,
#2179,#2180,#2181,#2182,#2183,#2184,#2185,#2186,#2187),(#2188,#2189,#2190,#2191,
#2192,#2193,#2194,#2195,#2196,#2197,#2198,#2199,#2200,#2201,#2202,#2203)),
.UNSPECIFIED.,.F.,.F.,.F.,(4,1,1,4),(4,1,1,1,1,1,1,1,1,1,1,1,1,4),(
-3.360506601939E-2,0.E0,5.714285714286E-1,1.013045463767E0),(1.292980419377E-8,
6.459438984095E-1,1.291887796819E0,1.937831695228E0,2.583775593638E0,
2.906747542843E0,3.229719492047E0,3.552691441252E0,3.875663390457E0,
4.521607288866E0,4.844579238071E0,5.167551187276E0,5.813495085685E0,
6.459438964700E0),.UNSPECIFIED.);
#2205=ORIENTED_EDGE('',*,*,#1687,.F.);
#2206=ORIENTED_EDGE('',*,*,#1673,.T.);
#2207=ORIENTED_EDGE('',*,*,#2099,.F.);
#2208=ORIENTED_EDGE('',*,*,#1532,.F.);
#2209=ORIENTED_EDGE('',*,*,#1689,.T.);
#2210=EDGE_LOOP('',(#2205,#2206,#2207,#2208,#2209));
#2211=FACE_OUTER_BOUND('',#2210,.F.);
#2212=ADVANCED_FACE('',(#2211),#2204,.T.);
#2213=CARTESIAN_POINT('',(1.799469636954E1,0.E0,0.E0));
#2214=DIRECTION('',(1.E0,0.E0,0.E0));
#2215=DIRECTION('',(0.E0,1.E0,0.E0));
#2216=AXIS2_PLACEMENT_3D('',#2213,#2214,#2215);
#2217=CONICAL_SURFACE('',#2216,1.089969636954E1,4.5E1);
#2218=ORIENTED_EDGE('',*,*,#1982,.T.);
#2219=ORIENTED_EDGE('',*,*,#2002,.T.);
#2220=ORIENTED_EDGE('',*,*,#1968,.F.);
#2221=ORIENTED_EDGE('',*,*,#1360,.T.);
#2222=ORIENTED_EDGE('',*,*,#1965,.T.);
#2223=EDGE_LOOP('',(#2218,#2219,#2220,#2221,#2222));
#2224=FACE_OUTER_BOUND('',#2223,.F.);
#2225=ADVANCED_FACE('',(#2224),#2217,.F.);
#2226=CARTESIAN_POINT('',(0.E0,1.199289321881E1,0.E0));
#2227=DIRECTION('',(0.E0,-1.E0,0.E0));
#2228=DIRECTION('',(-1.E0,0.E0,0.E0));
#2229=AXIS2_PLACEMENT_3D('',#2226,#2227,#2228);
#2230=CYLINDRICAL_SURFACE('',#2229,1.3615E1);
#2231=ORIENTED_EDGE('',*,*,#1856,.F.);
#2232=ORIENTED_EDGE('',*,*,#1298,.F.);
#2234=ORIENTED_EDGE('',*,*,#2233,.T.);
#2235=EDGE_LOOP('',(#2231,#2232,#2234));
#2236=FACE_OUTER_BOUND('',#2235,.F.);
#2237=ADVANCED_FACE('',(#2236),#2230,.F.);
#2238=CARTESIAN_POINT('',(0.E0,1.199289321881E1,0.E0));
#2239=DIRECTION('',(0.E0,-1.E0,0.E0));
#2240=DIRECTION('',(0.E0,0.E0,-1.E0));
#2241=AXIS2_PLACEMENT_3D('',#2238,#2239,#2240);
#2242=PLANE('',#2241);
#2243=ORIENTED_EDGE('',*,*,#1858,.F.);
#2244=ORIENTED_EDGE('',*,*,#2233,.F.);
#2245=ORIENTED_EDGE('',*,*,#1296,.F.);
#2246=ORIENTED_EDGE('',*,*,#1747,.F.);
#2247=EDGE_LOOP('',(#2243,#2244,#2245,#2246));
#2248=FACE_OUTER_BOUND('',#2247,.F.);
#2249=ADVANCED_FACE('',(#2248),#2242,.F.);
#2252=FILL_AREA_STYLE_COLOUR('',#256);
#2253=FILL_AREA_STYLE('',(#2252));
#2254=SURFACE_STYLE_FILL_AREA(#2253);
#2255=SURFACE_SIDE_STYLE('',(#2254));
#2256=SURFACE_STYLE_USAGE(.BOTH.,#2255);
#2257=PRESENTATION_STYLE_ASSIGNMENT((#2256));
#257=STYLED_ITEM('',(#2257),#2251);
#2258=CARTESIAN_POINT('',(0.E0,0.E0,0.E0));
#2259=DIRECTION('',(0.E0,0.E0,1.E0));
#2260=DIRECTION('',(1.E0,0.E0,0.E0));
#2261=AXIS2_PLACEMENT_3D('007009007',#2258,#2259,#2260);
#2262=CURVE_STYLE('',#49,POSITIVE_LENGTH_MEASURE(2.E-2),#28);
#2263=PRESENTATION_STYLE_ASSIGNMENT((#2262));
#2264=STYLED_ITEM('',(#2263),#2261);
#2265=CARTESIAN_POINT('',(0.E0,0.E0,0.E0));
#2266=DIRECTION('',(0.E0,0.E0,1.E0));
#2267=DIRECTION('',(1.E0,0.E0,0.E0));
#2268=AXIS2_PLACEMENT_3D('P_CS',#2265,#2266,#2267);
#2269=CURVE_STYLE('',#49,POSITIVE_LENGTH_MEASURE(2.E-2),#28);
#2270=PRESENTATION_STYLE_ASSIGNMENT((#2269));
#2271=STYLED_ITEM('',(#2270),#2268);
#2272=DIRECTION('',(-1.E0,0.E0,0.E0));
#2273=VECTOR('',#2272,1.68E1);
#2274=CARTESIAN_POINT('',(-1.82E1,0.E0,0.E0));
#2275=LINE('',#2274,#2273);
#2277=CURVE_STYLE('',#49,POSITIVE_LENGTH_MEASURE(2.E-2),#43);
#2278=PRESENTATION_STYLE_ASSIGNMENT((#2277));
#2279=STYLED_ITEM('',(#2278),#2276);
#2281=DIRECTION('',(-1.E0,0.E0,0.E0));
#2282=VECTOR('',#2281,1.68E1);
#2283=CARTESIAN_POINT('',(3.5E1,0.E0,0.E0));
#2284=LINE('',#2283,#2282);
#2286=CURVE_STYLE('',#49,POSITIVE_LENGTH_MEASURE(2.E-2),#43);
#2287=PRESENTATION_STYLE_ASSIGNMENT((#2286));
#2288=STYLED_ITEM('',(#2287),#2285);
#2289=DIRECTION('',(0.E0,1.E0,0.E0));
#2290=VECTOR('',#2289,2.7E0);
#2291=CARTESIAN_POINT('',(-1.065814103640E-14,3.58E1,0.E0));
#2292=LINE('',#2291,#2290);
#2294=CURVE_STYLE('',#49,POSITIVE_LENGTH_MEASURE(2.E-2),#43);
#2295=PRESENTATION_STYLE_ASSIGNMENT((#2294));
#2296=STYLED_ITEM('',(#2295),#2293);
#2297=DIRECTION('',(0.E0,1.E0,0.E0));
#2298=VECTOR('',#2297,2.E1);
#2299=CARTESIAN_POINT('',(-1.065814103640E-14,1.85E1,0.E0));
#2300=LINE('',#2299,#2298);
#2302=CURVE_STYLE('',#49,POSITIVE_LENGTH_MEASURE(2.E-2),#43);
#2303=PRESENTATION_STYLE_ASSIGNMENT((#2302));
#2304=STYLED_ITEM('',(#2303),#2301);
#2305=CARTESIAN_POINT('',(1.59E1,0.E0,0.E0));
#2306=DIRECTION('',(1.E0,0.E0,0.E0));
#2307=DIRECTION('',(0.E0,0.E0,-1.E0));
#2308=AXIS2_PLACEMENT_3D('CS0',#2305,#2306,#2307);
#2309=CURVE_STYLE('',#49,POSITIVE_LENGTH_MEASURE(2.E-2),#28);
#2310=PRESENTATION_STYLE_ASSIGNMENT((#2309));
#2311=STYLED_ITEM('',(#2310),#2308);
#2312=CARTESIAN_POINT('',(-1.59E1,0.E0,0.E0));
#2313=DIRECTION('',(-1.E0,0.E0,0.E0));
#2314=DIRECTION('',(0.E0,0.E0,1.E0));
#2315=AXIS2_PLACEMENT_3D('CS1',#2312,#2313,#2314);
#2316=CURVE_STYLE('',#49,POSITIVE_LENGTH_MEASURE(2.E-2),#28);
#2317=PRESENTATION_STYLE_ASSIGNMENT((#2316));
#2318=STYLED_ITEM('',(#2317),#2315);
#2319=CARTESIAN_POINT('',(0.E0,1.54E1,0.E0));
#2320=DIRECTION('',(0.E0,1.E0,0.E0));
#2321=DIRECTION('',(1.E0,0.E0,0.E0));
#2322=AXIS2_PLACEMENT_3D('CS2',#2319,#2320,#2321);
#2323=CURVE_STYLE('',#49,POSITIVE_LENGTH_MEASURE(2.E-2),#28);
#2324=PRESENTATION_STYLE_ASSIGNMENT((#2323));
#2325=STYLED_ITEM('',(#2324),#2322);
#2326=PRESENTATION_LAYER_ASSIGNMENT('001__CSYS_AUX_1','',(#2261,#2268,#2308,
#2315,#2322));
#2327=PRESENTATION_LAYER_ASSIGNMENT('000__CSYS_INI_1','',(#2268));
#2328=PRESENTATION_LAYER_ASSIGNMENT('004__AXES_1','',(#2276,#2285,#2301));
#2330=DIMENSIONAL_EXPONENTS(0.E0,0.E0,0.E0,0.E0,0.E0,0.E0,0.E0);
#2332=PLANE_ANGLE_MEASURE_WITH_UNIT(PLANE_ANGLE_MEASURE(1.745329251994E-2),
#2331);
#2333=(CONVERSION_BASED_UNIT('DEGREE',#2332)NAMED_UNIT(*)PLANE_ANGLE_UNIT());
#2335=UNCERTAINTY_MEASURE_WITH_UNIT(LENGTH_MEASURE(9.400658853890E-3),#2329,
'closure',
'Maximum model space distance between geometric entities at asserted connectivities');
#2336=(GEOMETRIC_REPRESENTATION_CONTEXT(3)GLOBAL_UNCERTAINTY_ASSIGNED_CONTEXT((
#2335))GLOBAL_UNIT_ASSIGNED_CONTEXT((#2329,#2333,#2334))REPRESENTATION_CONTEXT(
'ID1','3'));
#2337=CARTESIAN_POINT('',(0.E0,0.E0,0.E0));
#2338=DIRECTION('',(0.E0,0.E0,1.E0));
#2339=DIRECTION('',(1.E0,0.E0,0.E0));
#2280=GEOMETRIC_SET('',(#2276,#2285,#2293,#2301));
#2342=CARTESIAN_POINT('',(0.E0,0.E0,0.E0));
#2343=DIRECTION('',(0.E0,0.E0,1.E0));
#2344=DIRECTION('',(1.E0,0.E0,0.E0));
#2347=CARTESIAN_POINT('',(0.E0,0.E0,0.E0));
#2348=DIRECTION('',(0.E0,0.E0,1.E0));
#2349=DIRECTION('',(1.E0,0.E0,0.E0));
#2352=SHAPE_REPRESENTATION_RELATIONSHIP('','',#2351,#2341);
#2353=SHAPE_REPRESENTATION_RELATIONSHIP('','',#2351,#2346);
#2354=APPLICATION_CONTEXT(
'CONFIGURATION CONTROLLED 3D DESIGNS OF MECHANICAL PARTS AND ASSEMBLIES');
#2355=APPLICATION_PROTOCOL_DEFINITION('international standard',
'config_control_design',1994,#2354);
#2356=DESIGN_CONTEXT('',#2354,'design');
#2357=MECHANICAL_CONTEXT('',#2354,'mechanical');
#2358=PRODUCT('2164520','2164520','NOT SPECIFIED',(#2357));
#2359=PRODUCT_DEFINITION_FORMATION_WITH_SPECIFIED_SOURCE('1','LAST_VERSION',
#2358,.MADE.);
#2368=CARTESIAN_POINT('',(3.532154932150E2,8.377E1,-1.1008681E2));
#2369=DIRECTION('',(0.E0,1.E0,0.E0));
#2370=DIRECTION('',(1.E0,0.E0,0.E0));
#2371=AXIS2_PLACEMENT_3D('',#2368,#2369,#2370);
#2372=ITEM_DEFINED_TRANSFORMATION('','',#2350,#2371);
#2373=(REPRESENTATION_RELATIONSHIP('','',#2351,#2365)REPRESENTATION_RELATIONSHIP_WITH_TRANSFORMATION(#2372)SHAPE_REPRESENTATION_RELATIONSHIP());
#2374=CONTEXT_DEPENDENT_SHAPE_REPRESENTATION(#2373,#2367);
#2375=PRESENTATION_LAYER_ASSIGNMENT('000__CSYS_INI','',(#48));
#2376=PRESENTATION_LAYER_ASSIGNMENT('006__CURVES_1','',(#78,#87,#95,#104,#112,
#121,#129,#137,#145,#153,#162,#170,#179,#187,#224,#233,#242,#251));
#2377=PRESENTATION_LAYER_ASSIGNMENT('005__POINTS_1','',(#99,#116,#157,#174));
#2378=PRESENTATION_LAYER_ASSIGNMENT('001__CSYS_AUX','',(#56,#63,#70,#194,#201,
#208,#215));
#2380=DIMENSIONAL_EXPONENTS(0.E0,0.E0,0.E0,0.E0,0.E0,0.E0,0.E0);
#2382=PLANE_ANGLE_MEASURE_WITH_UNIT(PLANE_ANGLE_MEASURE(1.745329251994E-2),
#2381);
#2383=(CONVERSION_BASED_UNIT('DEGREE',#2382)NAMED_UNIT(*)PLANE_ANGLE_UNIT());
#2385=UNCERTAINTY_MEASURE_WITH_UNIT(LENGTH_MEASURE(1.E-3),#2379,'closure',
'Maximum model space distance between geometric entities at asserted connectivities');
#2386=(GEOMETRIC_REPRESENTATION_CONTEXT(3)GLOBAL_UNCERTAINTY_ASSIGNED_CONTEXT((
#2385))GLOBAL_UNIT_ASSIGNED_CONTEXT((#2379,#2383,#2384))REPRESENTATION_CONTEXT(
'ID2','3'));
#82=GEOMETRIC_SET('',(#78,#87,#95,#99,#104,#112,#116,#121,#129,#137,#145,#153,
#157,#162,#170,#174,#179,#187,#224,#233,#242,#251));
#2388=SHAPE_REPRESENTATION_RELATIONSHIP('','',#2365,#2387);
#2389=MECHANICAL_DESIGN_GEOMETRIC_PRESENTATION_REPRESENTATION('',(#52,#59,#66,
#73,#81,#90,#98,#107,#115,#124,#132,#140,#148,#156,#165,#173,#182,#190,#197,
#204,#211,#218,#227,#236,#245,#254,#265,#273,#286,#299,#307,#315,#322,#347,#354,
#362,#369,#377,#385,#392,#400,#408,#416,#424,#431,#438,#456,#464,#477,#485,#493,
#506,#520,#527,#534,#543,#561,#569,#577,#585,#593,#600,#607,#617,#627,#634,#642,
#649,#658,#667,#677,#685,#695,#705,#713,#723,#731,#742,#756,#770,#795,#820,#832,
#840,#847,#854,#862,#869,#876,#884,#892,#900,#908,#915,#922,#930,#938,#946,#954,
#968,#976,#984,#997,#1005,#1023,#1031,#1039,#1064,#1076,#1087,#1097,#1105,#1115,
#1123,#257,#2264,#2271,#2279,#2288,#2296,#2304,#2311,#2318,#2325),#2386);
#2390=MECHANICAL_CONTEXT('',#2354,'mechanical');
#2391=PRODUCT('A016495_ASM','A016495_ASM','NOT SPECIFIED',(#2390));
#2392=PRODUCT_DEFINITION_FORMATION_WITH_SPECIFIED_SOURCE('1','LAST_VERSION',
#2391,.MADE.);
#2394=PRODUCT_CATEGORY('part','');
#2395=PRODUCT_RELATED_PRODUCT_CATEGORY('assembly','',(#2391));
#2396=PRODUCT_CATEGORY_RELATIONSHIP('','',#2394,#2395);
#2397=PRODUCT_CATEGORY('part','');
#2398=PRODUCT_RELATED_PRODUCT_CATEGORY('detail','',(#2358));
#2399=PRODUCT_CATEGORY_RELATIONSHIP('','',#2397,#2398);
#2400=SECURITY_CLASSIFICATION_LEVEL('unclassified');
#2401=SECURITY_CLASSIFICATION('','',#2400);
#2402=CC_DESIGN_SECURITY_CLASSIFICATION(#2401,(#2359,#2392,#2366));
#2403=APPROVAL_STATUS('approved');
#2404=APPROVAL(#2403,'');
#2405=CC_DESIGN_APPROVAL(#2404,(#2401,#2359,#2392,#2360,#2393));
#2406=CALENDAR_DATE(125,14,5);
#2407=COORDINATED_UNIVERSAL_TIME_OFFSET(2,0,.AHEAD.);
#2408=LOCAL_TIME(11,23,4.9E1,#2407);
#2409=DATE_AND_TIME(#2406,#2408);
#2410=APPROVAL_DATE_TIME(#2409,#2404);
#2411=DATE_TIME_ROLE('creation_date');
#2412=CC_DESIGN_DATE_AND_TIME_ASSIGNMENT(#2409,#2411,(#2360,#2393));
#2413=DATE_TIME_ROLE('classification_date');
#2414=CC_DESIGN_DATE_AND_TIME_ASSIGNMENT(#2409,#2413,(#2401));
#2415=PERSON('UNSPECIFIED','UNSPECIFIED',$,$,$,$);
#2416=ORGANIZATION('UNSPECIFIED','UNSPECIFIED','UNSPECIFIED');
#2417=PERSON_AND_ORGANIZATION(#2415,#2416);
#2418=APPROVAL_ROLE('approver');
#2419=APPROVAL_PERSON_ORGANIZATION(#2417,#2404,#2418);
#2420=PERSON_AND_ORGANIZATION_ROLE('creator');
#2421=CC_DESIGN_PERSON_AND_ORGANIZATION_ASSIGNMENT(#2417,#2420,(#2359,#2392,
#2360,#2393));
#2422=PERSON_AND_ORGANIZATION_ROLE('design_supplier');
#2423=CC_DESIGN_PERSON_AND_ORGANIZATION_ASSIGNMENT(#2417,#2422,(#2359,#2392));
#2424=PERSON_AND_ORGANIZATION_ROLE('classification_officer');
#2425=CC_DESIGN_PERSON_AND_ORGANIZATION_ASSIGNMENT(#2417,#2424,(#2401));
#2426=PERSON_AND_ORGANIZATION_ROLE('design_owner');
#2427=CC_DESIGN_PERSON_AND_ORGANIZATION_ASSIGNMENT(#2417,#2426,(#2391,#2358));
#1=DRAUGHTING_PRE_DEFINED_COLOUR('blue');
#2=COLOUR_RGB('',0.E0,9.69E-1,2.63E-1);
#3=COLOUR_RGB('',4.E-2,5.E-2,6.E-2);
#4=COLOUR_RGB('',7.E-2,9.E-2,2.2E-1);
#5=COLOUR_RGB('',1.2E-1,1.3E-1,9.E-2);
#6=COLOUR_RGB('',1.2E-1,1.4E-1,3.9E-1);
#7=COLOUR_RGB('',1.4E-1,6.7E-1,6.2E-1);
#8=COLOUR_RGB('',1.96078E-1,1.96078E-1,1.96078E-1);
#9=COLOUR_RGB('',2.08E-1,7.18E-1,6.88E-1);
#10=COLOUR_RGB('',2.3E-1,1.8E-1,6.1E-1);
#11=COLOUR_RGB('',2.352941176471E-1,2.196078431373E-1,1.E0);
#12=COLOUR_RGB('',2.38377E-1,3.45601E-1,7.9798E-1);
#13=COLOUR_RGB('',4.2E-1,4.E-1,3.5E-1);
#14=COLOUR_RGB('',4.4E-1,4.3E-1,4.8E-1);
#15=COLOUR_RGB('',4.5E-1,6.3E-1,4.5E-1);
#16=COLOUR_RGB('',4.7E-1,4.5E-1,4.2E-1);
#17=COLOUR_RGB('',4.8E-1,7.6E-1,1.E0);
#18=COLOUR_RGB('',4.90196E-1,4.90196E-1,4.90196E-1);
#19=COLOUR_RGB('',5.33E-1,2.55E-1,0.E0);
#20=COLOUR_RGB('',5.57E-1,1.E0,8.76E-1);
#21=COLOUR_RGB('',5.803921568627E-1,0.E0,1.607843137255E-1);
#22=COLOUR_RGB('',5.8E-1,9.6E-1,3.E-1);
#23=COLOUR_RGB('',6.35294E-1,6.86275E-1,7.4902E-1);
#24=COLOUR_RGB('',6.39216E-1,6.39216E-1,6.86275E-1);
#25=COLOUR_RGB('',6.51515E-1,6.51515E-1,4.41705E-1);
#26=COLOUR_RGB('',6.58824E-1,5.88235E-1,2.7451E-1);
#27=COLOUR_RGB('',6.6E-1,7.9E-1,9.8E-1);
#28=COLOUR_RGB('',6.666666666667E-1,4.627450980392E-1,2.196078431373E-1);
#29=COLOUR_RGB('',6.9E-1,0.E0,0.E0);
#30=COLOUR_RGB('',7.4E-1,9.E-1,8.9E-1);
#31=COLOUR_RGB('',7.5E-1,9.7E-1,7.E-1);
#32=COLOUR_RGB('',7.7E-1,9.3E-1,5.8E-1);
#33=COLOUR_RGB('',8.2E-1,1.6E-1,1.4E-1);
#34=COLOUR_RGB('',8.4E-1,9.2E-1,9.5E-1);
#35=COLOUR_RGB('',8.6E-1,7.8E-1,2.3E-1);
#36=COLOUR_RGB('',8.7E-1,6.2E-1,4.8E-1);
#37=COLOUR_RGB('',8.72E-1,5.83E-1,3.91E-1);
#38=COLOUR_RGB('',9.1E-1,7.1E-1,9.4E-1);
#39=COLOUR_RGB('',9.2E-1,8.9E-1,7.6E-1);
#40=COLOUR_RGB('',9.3E-1,2.7E-1,3.E-2);
#41=COLOUR_RGB('',1.E0,2.9E-1,3.E-1);
#42=COLOUR_RGB('',1.E0,5.E-1,0.E0);
#43=DRAUGHTING_PRE_DEFINED_COLOUR('yellow');
#44=DRAUGHTING_PRE_DEFINED_COLOUR('white');
#78=TRIMMED_CURVE('',#77,(PARAMETER_VALUE(0.E0)),(PARAMETER_VALUE(1.E0)),.T.,
.UNSPECIFIED.);
#87=TRIMMED_CURVE('',#86,(PARAMETER_VALUE(0.E0)),(PARAMETER_VALUE(1.E0)),.T.,
.UNSPECIFIED.);
#95=TRIMMED_CURVE('',#94,(PARAMETER_VALUE(0.E0)),(PARAMETER_VALUE(1.E0)),.T.,
.UNSPECIFIED.);
#104=TRIMMED_CURVE('',#103,(PARAMETER_VALUE(0.E0)),(PARAMETER_VALUE(1.E0)),.T.,
.UNSPECIFIED.);
#112=TRIMMED_CURVE('',#111,(PARAMETER_VALUE(0.E0)),(PARAMETER_VALUE(1.E0)),.T.,
.UNSPECIFIED.);
#121=TRIMMED_CURVE('',#120,(PARAMETER_VALUE(0.E0)),(PARAMETER_VALUE(1.E0)),.T.,
.UNSPECIFIED.);
#129=TRIMMED_CURVE('',#128,(PARAMETER_VALUE(0.E0)),(PARAMETER_VALUE(1.E0)),.T.,
.UNSPECIFIED.);
#137=TRIMMED_CURVE('',#136,(PARAMETER_VALUE(0.E0)),(PARAMETER_VALUE(1.E0)),.T.,
.UNSPECIFIED.);
#145=TRIMMED_CURVE('',#144,(PARAMETER_VALUE(0.E0)),(PARAMETER_VALUE(1.E0)),.T.,
.UNSPECIFIED.);
#153=TRIMMED_CURVE('',#152,(PARAMETER_VALUE(0.E0)),(PARAMETER_VALUE(1.E0)),.T.,
.UNSPECIFIED.);
#162=TRIMMED_CURVE('',#161,(PARAMETER_VALUE(0.E0)),(PARAMETER_VALUE(1.E0)),.T.,
.UNSPECIFIED.);
#170=TRIMMED_CURVE('',#169,(PARAMETER_VALUE(0.E0)),(PARAMETER_VALUE(1.E0)),.T.,
.UNSPECIFIED.);
#179=TRIMMED_CURVE('',#178,(PARAMETER_VALUE(0.E0)),(PARAMETER_VALUE(1.E0)),.T.,
.UNSPECIFIED.);
#187=TRIMMED_CURVE('',#186,(PARAMETER_VALUE(0.E0)),(PARAMETER_VALUE(1.E0)),.T.,
.UNSPECIFIED.);
#223=CIRCLE('',#222,4.5E1);
#224=TRIMMED_CURVE('',#223,(PARAMETER_VALUE(0.E0)),(PARAMETER_VALUE(9.E1)),.T.,
.UNSPECIFIED.);
#232=CIRCLE('',#231,4.5E1);
#233=TRIMMED_CURVE('',#232,(PARAMETER_VALUE(0.E0)),(PARAMETER_VALUE(9.E1)),.T.,
.UNSPECIFIED.);
#241=CIRCLE('',#240,4.5E1);
#242=TRIMMED_CURVE('',#241,(PARAMETER_VALUE(0.E0)),(PARAMETER_VALUE(9.E1)),.T.,
.UNSPECIFIED.);
#250=CIRCLE('',#249,4.5E1);
#251=TRIMMED_CURVE('',#250,(PARAMETER_VALUE(0.E0)),(PARAMETER_VALUE(9.E1)),.T.,
.UNSPECIFIED.);
#255=COLOUR_RGB('',9.294117647059E-1,1.E0,6.588235294118E-1);
#256=COLOUR_RGB('',1.E0,7.17647E-1,0.E0);
#262=B_SPLINE_CURVE_WITH_KNOTS('',3,(#258,#259,#260,#261),.UNSPECIFIED.,.F.,.F.,
(4,4),(0.E0,1.E0),.UNSPECIFIED.);
#270=B_SPLINE_CURVE_WITH_KNOTS('',3,(#266,#267,#268,#269),.UNSPECIFIED.,.F.,.F.,
(4,4),(0.E0,1.E0),.UNSPECIFIED.);
#283=B_SPLINE_CURVE_WITH_KNOTS('',3,(#274,#275,#276,#277,#278,#279,#280,#281,
#282),.UNSPECIFIED.,.F.,.F.,(4,1,1,1,1,1,4),(0.E0,9.113995909390E-2,
2.931088570730E-1,4.950777550522E-1,6.970466530313E-1,8.990155510105E-1,1.E0),
.UNSPECIFIED.);
#296=B_SPLINE_CURVE_WITH_KNOTS('',3,(#287,#288,#289,#290,#291,#292,#293,#294,
#295),.UNSPECIFIED.,.F.,.F.,(4,1,1,1,1,1,4),(0.E0,9.011218435312E-2,
2.703365530593E-1,6.307852904717E-1,8.110096591779E-1,9.461779357075E-1,1.E0),
.UNSPECIFIED.);
#304=B_SPLINE_CURVE_WITH_KNOTS('',3,(#300,#301,#302,#303),.UNSPECIFIED.,.F.,.F.,
(4,4),(0.E0,1.E0),.UNSPECIFIED.);
#312=CIRCLE('',#311,1.114E1);
#344=B_SPLINE_CURVE_WITH_KNOTS('',3,(#323,#324,#325,#326,#327,#328,#329,#330,
#331,#332,#333,#334,#335,#336,#337,#338,#339,#340,#341,#342,#343),.UNSPECIFIED.,
.F.,.F.,(4,1,1,1,1,1,1,1,1,1,1,1,1,1,1,1,1,1,4),(0.E0,5.555555555556E-2,
1.111111111111E-1,1.666666666667E-1,2.222222222222E-1,2.777777777778E-1,
3.333333333333E-1,3.888888888889E-1,4.444444444444E-1,5.E-1,5.555555555556E-1,
6.111111111111E-1,6.666666666667E-1,7.222222222222E-1,7.777777777778E-1,
8.333333333333E-1,8.888888888889E-1,9.444444444444E-1,1.E0),.UNSPECIFIED.);
#359=CIRCLE('',#358,1.114E1);
#374=CIRCLE('',#373,1.114E1);
#382=CIRCLE('',#381,1.114E1);
#397=CIRCLE('',#396,1.114E1);
#405=CIRCLE('',#404,1.114E1);
#413=CIRCLE('',#412,1.2005E1);
#421=CIRCLE('',#420,1.2005E1);
#453=B_SPLINE_CURVE_WITH_KNOTS('',3,(#439,#440,#441,#442,#443,#444,#445,#446,
#447,#448,#449,#450,#451,#452),.UNSPECIFIED.,.F.,.F.,(4,1,1,1,1,1,1,1,1,1,1,4),(
0.E0,1.000555630882E-1,1.999555018506E-1,2.998554406131E-1,3.997553793755E-1,
4.996553181379E-1,5.995552569004E-1,6.994551956628E-1,7.993551344252E-1,
8.992550731877E-1,9.991550119501E-1,1.E0),.UNSPECIFIED.);
#461=B_SPLINE_CURVE_WITH_KNOTS('',3,(#457,#458,#459,#460),.UNSPECIFIED.,.F.,.F.,
(4,4),(0.E0,1.E0),.UNSPECIFIED.);
#474=B_SPLINE_CURVE_WITH_KNOTS('',3,(#465,#466,#467,#468,#469,#470,#471,#472,
#473),.UNSPECIFIED.,.F.,.F.,(4,1,1,1,1,1,4),(0.E0,2.000134043512E-1,
4.000268127060E-1,6.000402210609E-1,8.000536294157E-1,9.000603335932E-1,1.E0),
.UNSPECIFIED.);
#482=CIRCLE('',#481,1.2005E1);
#490=CIRCLE('',#489,1.2005E1);
#503=B_SPLINE_CURVE_WITH_KNOTS('',3,(#494,#495,#496,#497,#498,#499,#500,#501,
#502),.UNSPECIFIED.,.F.,.F.,(4,1,1,1,1,1,4),(0.E0,2.000327971755E-1,
4.000655983551E-1,6.000983995347E-1,8.001312007143E-1,9.001476013041E-1,1.E0),
.UNSPECIFIED.);
#517=B_SPLINE_CURVE_WITH_KNOTS('',3,(#507,#508,#509,#510,#511,#512,#513,#514,
#515,#516),.UNSPECIFIED.,.F.,.F.,(4,1,1,1,1,1,1,4),(0.E0,1.000598071893E-1,
2.000531626132E-1,4.000398734611E-1,5.000332288850E-1,6.000265843089E-1,
8.000132951568E-1,1.E0),.UNSPECIFIED.);
#540=B_SPLINE_CURVE_WITH_KNOTS('',3,(#535,#536,#537,#538,#539),.UNSPECIFIED.,
.F.,.F.,(4,1,4),(0.E0,5.E-1,1.E0),.UNSPECIFIED.);
#558=B_SPLINE_CURVE_WITH_KNOTS('',3,(#544,#545,#546,#547,#548,#549,#550,#551,
#552,#553,#554,#555,#556,#557),.UNSPECIFIED.,.F.,.F.,(4,1,1,1,1,1,1,1,1,1,1,4),(
0.E0,1.000629305129E-1,1.999620514412E-1,2.998611723695E-1,3.997602932978E-1,
4.996594142261E-1,5.995585351544E-1,6.994576560827E-1,7.993567770110E-1,
8.992558979393E-1,9.991550188677E-1,1.E0),.UNSPECIFIED.);
#566=CIRCLE('',#565,1.537E1);
#574=CIRCLE('',#573,1.537E1);
#582=CIRCLE('',#581,1.435E1);
#590=CIRCLE('',#589,1.435E1);
#614=B_SPLINE_CURVE_WITH_KNOTS('',3,(#608,#609,#610,#611,#612,#613),
.UNSPECIFIED.,.F.,.F.,(4,1,1,4),(0.E0,3.333333333333E-1,6.666666666667E-1,1.E0),
.UNSPECIFIED.);
#624=B_SPLINE_CURVE_WITH_KNOTS('',3,(#618,#619,#620,#621,#622,#623),
.UNSPECIFIED.,.F.,.F.,(4,1,1,4),(0.E0,3.333333333333E-1,6.666666666667E-1,1.E0),
.UNSPECIFIED.);
#639=CIRCLE('',#638,1.435E1);
#655=B_SPLINE_CURVE_WITH_KNOTS('',3,(#650,#651,#652,#653,#654),.UNSPECIFIED.,
.F.,.F.,(4,1,4),(0.E0,5.716222178121E-1,1.E0),.UNSPECIFIED.);
#664=B_SPLINE_CURVE_WITH_KNOTS('',3,(#659,#660,#661,#662,#663),.UNSPECIFIED.,
.F.,.F.,(4,1,4),(0.E0,5.714285721490E-1,1.E0),.UNSPECIFIED.);
#674=B_SPLINE_CURVE_WITH_KNOTS('',3,(#668,#669,#670,#671,#672,#673),
.UNSPECIFIED.,.F.,.F.,(4,1,1,4),(0.E0,3.333333333333E-1,6.666666666667E-1,1.E0),
.UNSPECIFIED.);
#682=CIRCLE('',#681,1.435E1);
#692=B_SPLINE_CURVE_WITH_KNOTS('',3,(#686,#687,#688,#689,#690,#691),
.UNSPECIFIED.,.F.,.F.,(4,1,1,4),(0.E0,3.333333333333E-1,6.666666666667E-1,1.E0),
.UNSPECIFIED.);
#702=B_SPLINE_CURVE_WITH_KNOTS('',3,(#696,#697,#698,#699,#700,#701),
.UNSPECIFIED.,.F.,.F.,(4,1,1,4),(0.E0,3.333333333333E-1,6.666666666667E-1,1.E0),
.UNSPECIFIED.);
#710=CIRCLE('',#709,1.364289321881E1);
#720=B_SPLINE_CURVE_WITH_KNOTS('',3,(#714,#715,#716,#717,#718,#719),
.UNSPECIFIED.,.F.,.F.,(4,1,1,4),(0.E0,3.333333333333E-1,6.666666666667E-1,1.E0),
.UNSPECIFIED.);
#728=CIRCLE('',#727,1.3615E1);
#739=B_SPLINE_CURVE_WITH_KNOTS('',3,(#732,#733,#734,#735,#736,#737,#738),
.UNSPECIFIED.,.F.,.F.,(4,1,1,1,4),(0.E0,1.172762617907E-1,3.518287853719E-1,
8.209338325345E-1,1.E0),.UNSPECIFIED.);
#753=B_SPLINE_CURVE_WITH_KNOTS('',3,(#743,#744,#745,#746,#747,#748,#749,#750,
#751,#752),.UNSPECIFIED.,.F.,.F.,(4,1,1,1,1,1,1,4),(0.E0,1.428571428571E-1,
2.857142857143E-1,4.285714285714E-1,5.714285714286E-1,7.142857142857E-1,
8.571428571429E-1,1.E0),.UNSPECIFIED.);
#767=B_SPLINE_CURVE_WITH_KNOTS('',3,(#757,#758,#759,#760,#761,#762,#763,#764,
#765,#766),.UNSPECIFIED.,.F.,.F.,(4,1,1,1,1,1,1,4),(0.E0,1.351657580114E-1,
2.703315160227E-1,5.406630320454E-1,7.208840427272E-1,9.011050534090E-1,
9.912155587499E-1,1.E0),.UNSPECIFIED.);
#792=B_SPLINE_CURVE_WITH_KNOTS('',3,(#771,#772,#773,#774,#775,#776,#777,#778,
#779,#780,#781,#782,#783,#784,#785,#786,#787,#788,#789,#790,#791),.UNSPECIFIED.,
.F.,.F.,(4,1,1,1,1,1,1,1,1,1,1,1,1,1,1,1,1,1,4),(0.E0,5.555555555556E-2,
1.111111111111E-1,1.666666666667E-1,2.222222222222E-1,2.777777777778E-1,
3.333333333333E-1,3.888888888889E-1,4.444444444444E-1,5.E-1,5.555555555556E-1,
6.111111111111E-1,6.666666666667E-1,7.222222222222E-1,7.777777777778E-1,
8.333333333333E-1,8.888888888889E-1,9.444444444444E-1,1.E0),.UNSPECIFIED.);
#817=B_SPLINE_CURVE_WITH_KNOTS('',3,(#796,#797,#798,#799,#800,#801,#802,#803,
#804,#805,#806,#807,#808,#809,#810,#811,#812,#813,#814,#815,#816),.UNSPECIFIED.,
.F.,.F.,(4,1,1,1,1,1,1,1,1,1,1,1,1,1,1,1,1,1,4),(0.E0,5.555555555556E-2,
1.111111111111E-1,1.666666666667E-1,2.222222222222E-1,2.777777777778E-1,
3.333333333333E-1,3.888888888889E-1,4.444444444444E-1,5.E-1,5.555555555556E-1,
6.111111111111E-1,6.666666666667E-1,7.222222222222E-1,7.777777777778E-1,
8.333333333333E-1,8.888888888889E-1,9.444444444444E-1,1.E0),.UNSPECIFIED.);
#829=B_SPLINE_CURVE_WITH_KNOTS('',3,(#821,#822,#823,#824,#825,#826,#827,#828),
.UNSPECIFIED.,.F.,.F.,(4,1,1,1,1,4),(0.E0,9.115893652178E-2,3.941059576812E-1,
6.970529788406E-1,8.485264894203E-1,1.E0),.UNSPECIFIED.);
#837=CIRCLE('',#836,1.114E1);
#859=CIRCLE('',#858,1.114E1);
#881=CIRCLE('',#880,1.114E1);
#889=CIRCLE('',#888,1.114E1);
#897=CIRCLE('',#896,1.2005E1);
#905=CIRCLE('',#904,1.2005E1);
#927=CIRCLE('',#926,1.2005E1);
#935=B_SPLINE_CURVE_WITH_KNOTS('',3,(#931,#932,#933,#934),.UNSPECIFIED.,.F.,.F.,
(4,4),(0.E0,1.E0),.UNSPECIFIED.);
#943=CIRCLE('',#942,1.2005E1);
#951=B_SPLINE_CURVE_WITH_KNOTS('',3,(#947,#948,#949,#950),.UNSPECIFIED.,.F.,.F.,
(4,4),(0.E0,1.E0),.UNSPECIFIED.);
#965=B_SPLINE_CURVE_WITH_KNOTS('',3,(#955,#956,#957,#958,#959,#960,#961,#962,
#963,#964),.UNSPECIFIED.,.F.,.F.,(4,1,1,1,1,1,1,4),(0.E0,1.000603265059E-1,
2.000536242280E-1,4.000402196721E-1,5.000335173942E-1,6.000268151163E-1,
8.000134105605E-1,1.E0),.UNSPECIFIED.);
#973=B_SPLINE_CURVE_WITH_KNOTS('',3,(#969,#970,#971,#972),.UNSPECIFIED.,.F.,.F.,
(4,4),(0.E0,1.E0),.UNSPECIFIED.);
#981=B_SPLINE_CURVE_WITH_KNOTS('',3,(#977,#978,#979,#980),.UNSPECIFIED.,.F.,.F.,
(4,4),(0.E0,1.E0),.UNSPECIFIED.);
#994=B_SPLINE_CURVE_WITH_KNOTS('',3,(#985,#986,#987,#988,#989,#990,#991,#992,
#993),.UNSPECIFIED.,.F.,.F.,(4,1,1,1,1,1,4),(0.E0,2.000311576914E-1,
4.000623193869E-1,6.000934810823E-1,8.001246427778E-1,9.001402236255E-1,1.E0),
.UNSPECIFIED.);
#1002=B_SPLINE_CURVE_WITH_KNOTS('',3,(#998,#999,#1000,#1001),.UNSPECIFIED.,.F.,
.F.,(4,4),(0.E0,1.E0),.UNSPECIFIED.);
#1020=B_SPLINE_CURVE_WITH_KNOTS('',3,(#1006,#1007,#1008,#1009,#1010,#1011,#1012,
#1013,#1014,#1015,#1016,#1017,#1018,#1019),.UNSPECIFIED.,.F.,.F.,(4,1,1,1,1,1,1,
1,1,1,1,4),(0.E0,9.090909090909E-2,1.818181818182E-1,2.727272727273E-1,
3.636363636364E-1,4.545454545455E-1,5.454545454545E-1,6.363636363636E-1,
7.272727272727E-1,8.181818181818E-1,9.090909090909E-1,1.E0),.UNSPECIFIED.);
#1028=CIRCLE('',#1027,1.114E1);
#1036=CIRCLE('',#1035,1.114E1);
#1061=B_SPLINE_CURVE_WITH_KNOTS('',3,(#1040,#1041,#1042,#1043,#1044,#1045,#1046,
#1047,#1048,#1049,#1050,#1051,#1052,#1053,#1054,#1055,#1056,#1057,#1058,#1059,
#1060),.UNSPECIFIED.,.F.,.F.,(4,1,1,1,1,1,1,1,1,1,1,1,1,1,1,1,1,1,4),(0.E0,
5.555555555556E-2,1.111111111111E-1,1.666666666667E-1,2.222222222222E-1,
2.777777777778E-1,3.333333333333E-1,3.888888888889E-1,4.444444444444E-1,5.E-1,
5.555555555556E-1,6.111111111111E-1,6.666666666667E-1,7.222222222222E-1,
7.777777777778E-1,8.333333333333E-1,8.888888888889E-1,9.444444444444E-1,1.E0),
.UNSPECIFIED.);
#1073=B_SPLINE_CURVE_WITH_KNOTS('',3,(#1065,#1066,#1067,#1068,#1069,#1070,#1071,
#1072),.UNSPECIFIED.,.F.,.F.,(4,1,1,1,1,4),(0.E0,1.759325194858E-1,
3.518650389715E-1,7.037300779429E-1,9.383067705906E-1,1.E0),.UNSPECIFIED.);
#1084=B_SPLINE_CURVE_WITH_KNOTS('',3,(#1077,#1078,#1079,#1080,#1081,#1082,
#1083),.UNSPECIFIED.,.F.,.F.,(4,1,1,1,4),(0.E0,1.810436633356E-1,
5.905218316678E-1,7.952609158339E-1,1.E0),.UNSPECIFIED.);
#1094=B_SPLINE_CURVE_WITH_KNOTS('',3,(#1088,#1089,#1090,#1091,#1092,#1093),
.UNSPECIFIED.,.F.,.F.,(4,1,1,4),(0.E0,3.333333333333E-1,6.666666666667E-1,1.E0),
.UNSPECIFIED.);
#1102=CIRCLE('',#1101,1.3615E1);
#1112=B_SPLINE_CURVE_WITH_KNOTS('',3,(#1106,#1107,#1108,#1109,#1110,#1111),
.UNSPECIFIED.,.F.,.F.,(4,1,1,4),(0.E0,3.333333333333E-1,6.666666666667E-1,1.E0),
.UNSPECIFIED.);
#1120=CIRCLE('',#1119,1.364289321881E1);
#1284=EDGE_CURVE('',#1133,#1145,#296,.T.);
#1286=EDGE_CURVE('',#1132,#1133,#655,.T.);
#1288=EDGE_CURVE('',#1132,#1127,#739,.T.);
#1290=EDGE_CURVE('',#1127,#1136,#720,.T.);
#1292=EDGE_CURVE('',#1136,#1152,#692,.T.);
#1294=EDGE_CURVE('',#1152,#1137,#624,.T.);
#1296=EDGE_CURVE('',#1137,#1130,#1112,.T.);
#1298=EDGE_CURVE('',#1130,#1134,#1084,.T.);
#1300=EDGE_CURVE('',#1134,#1135,#664,.T.);
#1302=EDGE_CURVE('',#1145,#1135,#829,.T.);
#1356=EDGE_CURVE('',#1142,#1144,#344,.T.);
#1358=EDGE_CURVE('',#1142,#1143,#262,.T.);
#1360=EDGE_CURVE('',#1141,#1143,#1061,.T.);
#1362=EDGE_CURVE('',#1140,#1141,#270,.T.);
#1364=EDGE_CURVE('',#1140,#1133,#283,.T.);
#1367=EDGE_CURVE('',#1144,#1145,#304,.T.);
#1377=EDGE_CURVE('',#1183,#1187,#312,.T.);
#1379=EDGE_CURVE('',#1142,#1183,#319,.T.);
#1382=EDGE_CURVE('',#1144,#1185,#351,.T.);
#1384=EDGE_CURVE('',#1187,#1185,#359,.T.);
#1394=EDGE_CURVE('',#1182,#1183,#374,.T.);
#1397=EDGE_CURVE('',#1178,#1187,#366,.T.);
#1399=EDGE_CURVE('',#1178,#1179,#397,.T.);
#1401=EDGE_CURVE('',#1179,#1182,#389,.T.);
#1412=EDGE_CURVE('',#1185,#1182,#382,.T.);
#1415=EDGE_CURVE('',#1142,#1144,#817,.T.);
#1428=EDGE_CURVE('',#1179,#1178,#405,.T.);
#1440=EDGE_CURVE('',#1174,#1175,#413,.T.);
#1442=EDGE_CURVE('',#1175,#1174,#421,.T.);
#1457=EDGE_CURVE('',#1174,#1155,#435,.T.);
#1459=EDGE_CURVE('',#1157,#1155,#943,.T.);
#1461=EDGE_CURVE('',#1175,#1157,#428,.T.);
#1473=EDGE_CURVE('',#1155,#1157,#482,.T.);
#1528=EDGE_CURVE('',#1159,#1160,#453,.T.);
#1530=EDGE_CURVE('',#1160,#1161,#461,.T.);
#1532=EDGE_CURVE('',#1161,#1154,#474,.T.);
#1534=EDGE_CURVE('',#1154,#1155,#951,.T.);
#1537=EDGE_CURVE('',#1156,#1157,#935,.T.);
#1539=EDGE_CURVE('',#1156,#1158,#490,.T.);
#1541=EDGE_CURVE('',#1158,#1159,#1002,.T.);
#1647=EDGE_CURVE('',#1163,#1166,#503,.T.);
#1649=EDGE_CURVE('',#1166,#1160,#558,.T.);
#1652=EDGE_CURVE('',#1163,#1159,#994,.T.);
#1662=EDGE_CURVE('',#1202,#1164,#531,.T.);
#1664=EDGE_CURVE('',#1202,#1203,#566,.T.);
#1666=EDGE_CURVE('',#1166,#1203,#524,.T.);
#1669=EDGE_CURVE('',#1167,#1163,#981,.T.);
#1671=EDGE_CURVE('',#1162,#1167,#973,.T.);
#1673=EDGE_CURVE('',#1164,#1162,#517,.T.);
#1684=EDGE_CURVE('',#1203,#1202,#574,.T.);
#1687=EDGE_CURVE('',#1164,#1165,#1020,.T.);
#1689=EDGE_CURVE('',#1161,#1165,#540,.T.);
#1705=EDGE_CURVE('',#1206,#1207,#582,.T.);
#1707=EDGE_CURVE('',#1207,#1206,#590,.T.);
#1717=EDGE_CURVE('',#1207,#1149,#604,.T.);
#1720=EDGE_CURVE('',#1153,#1206,#597,.T.);
#1722=EDGE_CURVE('',#1153,#1149,#682,.T.);
#1735=EDGE_CURVE('',#1149,#1153,#639,.T.);
#1745=EDGE_CURVE('',#1139,#1148,#614,.T.);
#1747=EDGE_CURVE('',#1139,#1137,#1120,.T.);
#1750=EDGE_CURVE('',#1152,#1153,#631,.T.);
#1753=EDGE_CURVE('',#1148,#1149,#646,.T.);
#1845=EDGE_CURVE('',#1148,#1138,#674,.T.);
#1847=EDGE_CURVE('',#1138,#1126,#702,.T.);
#1849=EDGE_CURVE('',#1126,#1132,#753,.T.);
#1853=EDGE_CURVE('',#1135,#1140,#767,.T.);
#1856=EDGE_CURVE('',#1134,#1131,#1073,.T.);
#1858=EDGE_CURVE('',#1131,#1139,#1094,.T.);
#1873=EDGE_CURVE('',#1136,#1138,#710,.T.);
#1886=EDGE_CURVE('',#1126,#1127,#728,.T.);
#1949=EDGE_CURVE('',#1141,#1143,#792,.T.);
#1963=EDGE_CURVE('',#1195,#1197,#837,.T.);
#1965=EDGE_CURVE('',#1143,#1197,#844,.T.);
#1968=EDGE_CURVE('',#1141,#1199,#851,.T.);
#1970=EDGE_CURVE('',#1199,#1195,#859,.T.);
#1980=EDGE_CURVE('',#1190,#1193,#866,.T.);
#1982=EDGE_CURVE('',#1197,#1193,#1028,.T.);
#1985=EDGE_CURVE('',#1191,#1195,#873,.T.);
#1987=EDGE_CURVE('',#1190,#1191,#881,.T.);
#1998=EDGE_CURVE('',#1191,#1190,#889,.T.);
#2002=EDGE_CURVE('',#1193,#1199,#1036,.T.);
#2012=EDGE_CURVE('',#1170,#1171,#897,.T.);
#2014=EDGE_CURVE('',#1171,#1170,#905,.T.);
#2029=EDGE_CURVE('',#1156,#1171,#919,.T.);
#2031=EDGE_CURVE('',#1158,#1156,#927,.T.);
#2033=EDGE_CURVE('',#1158,#1170,#912,.T.);
#2099=EDGE_CURVE('',#1154,#1162,#965,.T.);
#2233=EDGE_CURVE('',#1130,#1131,#1102,.T.);
#2250=CLOSED_SHELL('',(#1306,#1371,#1388,#1405,#1420,#1434,#1450,#1465,#1478,
#1545,#1656,#1677,#1695,#1711,#1726,#1739,#1757,#1862,#1877,#1890,#1901,#1957,
#1974,#1991,#2006,#2022,#2037,#2049,#2107,#2212,#2225,#2237,#2249));
#2251=MANIFOLD_SOLID_BREP('',#2250);
#2276=TRIMMED_CURVE('A_3',#2275,(PARAMETER_VALUE(0.E0)),(PARAMETER_VALUE(1.E0)),
.T.,.UNSPECIFIED.);
#2285=TRIMMED_CURVE('A_7',#2284,(PARAMETER_VALUE(0.E0)),(PARAMETER_VALUE(1.E0)),
.T.,.UNSPECIFIED.);
#2293=TRIMMED_CURVE('A_12',#2292,(PARAMETER_VALUE(0.E0)),(PARAMETER_VALUE
(1.E0)),.T.,.UNSPECIFIED.);
#2301=TRIMMED_CURVE('A_18',#2300,(PARAMETER_VALUE(0.E0)),(PARAMETER_VALUE
(1.E0)),.T.,.UNSPECIFIED.);
#2329=(LENGTH_UNIT()NAMED_UNIT(*)SI_UNIT(.MILLI.,.METRE.));
#2331=(NAMED_UNIT(*)PLANE_ANGLE_UNIT()SI_UNIT($,.RADIAN.));
#2334=(NAMED_UNIT(*)SI_UNIT($,.STERADIAN.)SOLID_ANGLE_UNIT());
#2340=AXIS2_PLACEMENT_3D('',#2337,#2338,#2339);
#2341=ADVANCED_BREP_SHAPE_REPRESENTATION('',(#2340,#2251),#2336);
#2345=AXIS2_PLACEMENT_3D('',#2342,#2343,#2344);
#2346=GEOMETRICALLY_BOUNDED_SURFACE_SHAPE_REPRESENTATION('',(#2345,#2280),
#2336);
#2350=AXIS2_PLACEMENT_3D('',#2347,#2348,#2349);
#2351=SHAPE_REPRESENTATION('',(#2350,#2261,#2268,#2308,#2315,#2322),#2336);
#2360=PRODUCT_DEFINITION('design','',#2359,#2356);
#2361=PRODUCT_DEFINITION_SHAPE('','SHAPE FOR 2164520.',#2360);
#2362=SHAPE_DEFINITION_REPRESENTATION(#2361,#2351);
#2363=SHAPE_DEFINITION_REPRESENTATION(#2364,#2365);
#2364=PRODUCT_DEFINITION_SHAPE('','SHAPE FOR A016495_ASM.',#2393);
#2365=SHAPE_REPRESENTATION('',(#2371,#48,#56,#63,#70,#194,#201,#208,#215),
#2386);
#2366=NEXT_ASSEMBLY_USAGE_OCCURRENCE('6','Next assembly relationship','2164520',
#2393,#2360,$);
#2367=PRODUCT_DEFINITION_SHAPE('Placement #6',
'Placement of 2164520 with respect to A016495_ASM',#2366);
#2379=(LENGTH_UNIT()NAMED_UNIT(*)SI_UNIT(.MILLI.,.METRE.));
#2381=(NAMED_UNIT(*)PLANE_ANGLE_UNIT()SI_UNIT($,.RADIAN.));
#2384=(NAMED_UNIT(*)SI_UNIT($,.STERADIAN.)SOLID_ANGLE_UNIT());
#2387=GEOMETRICALLY_BOUNDED_SURFACE_SHAPE_REPRESENTATION('',(#82),#2386);
#2393=PRODUCT_DEFINITION('design','',#2392,#2356);
ENDSEC;
END-ISO-10303-21;
